Country,Year,Literacy Rate (% 15+)
Afghanistan,2000,
Afghanistan,2001,
Afghanistan,2002,
Afghanistan,2003,
Afghanistan,2004,
Afghanistan,2005,
Afghanistan,2006,
Afghanistan,2007,
Afghanistan,2008,
Afghanistan,2009,
Afghanistan,2010,
Afghanistan,2011,31.0
Afghanistan,2012,
Afghanistan,2013,
Afghanistan,2014,
Afghanistan,2015,33.7538414001465
Afghanistan,2016,
Afghanistan,2017,
Afghanistan,2018,
Afghanistan,2019,
Afghanistan,2020,
Afghanistan,2021,37.0
Afghanistan,2022,
Afghanistan,2023,
Albania,2000,
Albania,2001,99.0
Albania,2002,
Albania,2003,
Albania,2004,
Albania,2005,
Albania,2006,
Albania,2007,
Albania,2008,96.0
Albania,2009,
Albania,2010,
Albania,2011,97.0
Albania,2012,97.0
Albania,2013,
Albania,2014,
Albania,2015,
Albania,2016,
Albania,2017,98.8162307739258
Albania,2018,
Albania,2019,
Albania,2020,
Albania,2021,
Albania,2022,98.5
Albania,2023,
Algeria,2000,
Algeria,2001,
Algeria,2002,70.0
Algeria,2003,
Algeria,2004,
Algeria,2005,
Algeria,2006,73.0
Algeria,2007,
Algeria,2008,75.0
Algeria,2009,
Algeria,2010,
Algeria,2011,
Algeria,2012,
Algeria,2013,
Algeria,2014,
Algeria,2015,
Algeria,2016,
Algeria,2017,
Algeria,2018,81.4078369140625
Algeria,2019,
Algeria,2020,
Algeria,2021,
Algeria,2022,
Algeria,2023,
Argentina,2000,
Argentina,2001,97.0
Argentina,2002,
Argentina,2003,
Argentina,2004,
Argentina,2005,
Argentina,2006,
Argentina,2007,
Argentina,2008,
Argentina,2009,
Argentina,2010,
Argentina,2011,
Argentina,2012,
Argentina,2013,
Argentina,2014,
Argentina,2015,
Argentina,2016,
Argentina,2017,
Argentina,2018,
Argentina,2019,
Argentina,2020,
Argentina,2021,
Argentina,2022,
Argentina,2023,
Armenia,2000,
Armenia,2001,99.0
Armenia,2002,
Armenia,2003,
Armenia,2004,
Armenia,2005,
Armenia,2006,
Armenia,2007,
Armenia,2008,
Armenia,2009,
Armenia,2010,
Armenia,2011,100.0
Armenia,2012,
Armenia,2013,
Armenia,2014,
Armenia,2015,
Armenia,2016,100.0
Armenia,2017,100.0
Armenia,2018,
Armenia,2019,
Armenia,2020,100.0
Armenia,2021,
Armenia,2022,
Armenia,2023,
Australia,2000,
Australia,2001,
Australia,2002,
Australia,2003,
Australia,2004,
Australia,2005,
Australia,2006,
Australia,2007,
Australia,2008,
Australia,2009,
Australia,2010,
Australia,2011,
Australia,2012,
Australia,2013,
Australia,2014,
Australia,2015,
Australia,2016,
Australia,2017,
Australia,2018,
Australia,2019,
Australia,2020,
Australia,2021,
Australia,2022,
Australia,2023,
Austria,2000,
Austria,2001,
Austria,2002,
Austria,2003,
Austria,2004,
Austria,2005,
Austria,2006,
Austria,2007,
Austria,2008,
Austria,2009,
Austria,2010,
Austria,2011,
Austria,2012,
Austria,2013,
Austria,2014,
Austria,2015,
Austria,2016,
Austria,2017,
Austria,2018,
Austria,2019,
Austria,2020,
Austria,2021,
Austria,2022,
Austria,2023,
Azerbaijan,2000,
Azerbaijan,2001,
Azerbaijan,2002,
Azerbaijan,2003,
Azerbaijan,2004,
Azerbaijan,2005,
Azerbaijan,2006,
Azerbaijan,2007,100.0
Azerbaijan,2008,
Azerbaijan,2009,100.0
Azerbaijan,2010,100.0
Azerbaijan,2011,100.0
Azerbaijan,2012,100.0
Azerbaijan,2013,100.0
Azerbaijan,2014,100.0
Azerbaijan,2015,100.0
Azerbaijan,2016,100.0
Azerbaijan,2017,100.0
Azerbaijan,2018,
Azerbaijan,2019,100.0
Azerbaijan,2020,
Azerbaijan,2021,
Azerbaijan,2022,
Azerbaijan,2023,100.0
"Bahamas, The",2000,
"Bahamas, The",2001,
"Bahamas, The",2002,
"Bahamas, The",2003,
"Bahamas, The",2004,
"Bahamas, The",2005,
"Bahamas, The",2006,
"Bahamas, The",2007,
"Bahamas, The",2008,
"Bahamas, The",2009,
"Bahamas, The",2010,
"Bahamas, The",2011,
"Bahamas, The",2012,
"Bahamas, The",2013,
"Bahamas, The",2014,
"Bahamas, The",2015,
"Bahamas, The",2016,
"Bahamas, The",2017,
"Bahamas, The",2018,
"Bahamas, The",2019,
"Bahamas, The",2020,
"Bahamas, The",2021,
"Bahamas, The",2022,
"Bahamas, The",2023,
Bahrain,2000,
Bahrain,2001,87.0
Bahrain,2002,
Bahrain,2003,
Bahrain,2004,
Bahrain,2005,
Bahrain,2006,
Bahrain,2007,
Bahrain,2008,
Bahrain,2009,
Bahrain,2010,
Bahrain,2011,92.3000030517578
Bahrain,2012,
Bahrain,2013,
Bahrain,2014,
Bahrain,2015,
Bahrain,2016,
Bahrain,2017,
Bahrain,2018,
Bahrain,2019,
Bahrain,2020,
Bahrain,2021,
Bahrain,2022,98.0
Bahrain,2023,98.0
Barbados,2000,
Barbados,2001,
Barbados,2002,
Barbados,2003,
Barbados,2004,
Barbados,2005,
Barbados,2006,
Barbados,2007,
Barbados,2008,
Barbados,2009,
Barbados,2010,
Barbados,2011,
Barbados,2012,
Barbados,2013,
Barbados,2014,
Barbados,2015,
Barbados,2016,
Barbados,2017,
Barbados,2018,
Barbados,2019,
Barbados,2020,
Barbados,2021,
Barbados,2022,
Barbados,2023,
Belarus,2000,
Belarus,2001,
Belarus,2002,
Belarus,2003,
Belarus,2004,
Belarus,2005,
Belarus,2006,
Belarus,2007,
Belarus,2008,
Belarus,2009,100.0
Belarus,2010,
Belarus,2011,
Belarus,2012,
Belarus,2013,
Belarus,2014,
Belarus,2015,
Belarus,2016,
Belarus,2017,
Belarus,2018,
Belarus,2019,100.0
Belarus,2020,
Belarus,2021,
Belarus,2022,
Belarus,2023,
Belgium,2000,
Belgium,2001,
Belgium,2002,
Belgium,2003,
Belgium,2004,
Belgium,2005,
Belgium,2006,
Belgium,2007,
Belgium,2008,
Belgium,2009,
Belgium,2010,
Belgium,2011,
Belgium,2012,
Belgium,2013,
Belgium,2014,
Belgium,2015,
Belgium,2016,
Belgium,2017,
Belgium,2018,
Belgium,2019,
Belgium,2020,
Belgium,2021,
Belgium,2022,
Belgium,2023,
Bermuda,2000,
Bermuda,2001,
Bermuda,2002,
Bermuda,2003,
Bermuda,2004,
Bermuda,2005,
Bermuda,2006,
Bermuda,2007,
Bermuda,2008,
Bermuda,2009,
Bermuda,2010,
Bermuda,2011,
Bermuda,2012,
Bermuda,2013,
Bermuda,2014,
Bermuda,2015,
Bermuda,2016,
Bermuda,2017,
Bermuda,2018,
Bermuda,2019,
Bermuda,2020,
Bermuda,2021,
Bermuda,2022,
Bermuda,2023,
Botswana,2000,
Botswana,2001,
Botswana,2002,
Botswana,2003,81.0
Botswana,2004,
Botswana,2005,
Botswana,2006,
Botswana,2007,
Botswana,2008,
Botswana,2009,
Botswana,2010,
Botswana,2011,
Botswana,2012,
Botswana,2013,86.8231811523438
Botswana,2014,
Botswana,2015,
Botswana,2016,
Botswana,2017,
Botswana,2018,
Botswana,2019,
Botswana,2020,
Botswana,2021,
Botswana,2022,
Botswana,2023,
Brazil,2000,86.0
Brazil,2001,
Brazil,2002,
Brazil,2003,
Brazil,2004,89.0
Brazil,2005,
Brazil,2006,90.0
Brazil,2007,90.0
Brazil,2008,90.0
Brazil,2009,90.0
Brazil,2010,90.0
Brazil,2011,91.0
Brazil,2012,91.0
Brazil,2013,91.0
Brazil,2014,92.0
Brazil,2015,92.0
Brazil,2016,93.0
Brazil,2017,93.0
Brazil,2018,93.0
Brazil,2019,
Brazil,2020,
Brazil,2021,
Brazil,2022,94.6900024414062
Brazil,2023,
Bulgaria,2000,
Bulgaria,2001,98.0
Bulgaria,2002,
Bulgaria,2003,
Bulgaria,2004,
Bulgaria,2005,
Bulgaria,2006,
Bulgaria,2007,
Bulgaria,2008,
Bulgaria,2009,
Bulgaria,2010,
Bulgaria,2011,98.0
Bulgaria,2012,
Bulgaria,2013,
Bulgaria,2014,
Bulgaria,2015,
Bulgaria,2016,
Bulgaria,2017,
Bulgaria,2018,
Bulgaria,2019,
Bulgaria,2020,
Bulgaria,2021,98.4199981689453
Bulgaria,2022,
Bulgaria,2023,
Burkina Faso,2000,
Burkina Faso,2001,
Burkina Faso,2002,
Burkina Faso,2003,22.0
Burkina Faso,2004,
Burkina Faso,2005,24.0
Burkina Faso,2006,22.0
Burkina Faso,2007,28.0
Burkina Faso,2008,
Burkina Faso,2009,
Burkina Faso,2010,
Burkina Faso,2011,
Burkina Faso,2012,
Burkina Faso,2013,
Burkina Faso,2014,35.0
Burkina Faso,2015,
Burkina Faso,2016,
Burkina Faso,2017,
Burkina Faso,2018,39.0
Burkina Faso,2019,30.0
Burkina Faso,2020,
Burkina Faso,2021,36.9673805236816
Burkina Faso,2022,34.4900016784668
Burkina Faso,2023,
Burundi,2000,59.0
Burundi,2001,
Burundi,2002,
Burundi,2003,
Burundi,2004,
Burundi,2005,
Burundi,2006,
Burundi,2007,
Burundi,2008,48.0
Burundi,2009,
Burundi,2010,
Burundi,2011,
Burundi,2012,
Burundi,2013,
Burundi,2014,62.0
Burundi,2015,
Burundi,2016,65.6877365112305
Burundi,2017,68.0
Burundi,2018,
Burundi,2019,
Burundi,2020,
Burundi,2021,
Burundi,2022,75.5400009155273
Burundi,2023,
Cabo Verde,2000,76.1104431152344
Cabo Verde,2001,
Cabo Verde,2002,
Cabo Verde,2003,
Cabo Verde,2004,
Cabo Verde,2005,
Cabo Verde,2006,
Cabo Verde,2007,
Cabo Verde,2008,
Cabo Verde,2009,
Cabo Verde,2010,
Cabo Verde,2011,
Cabo Verde,2012,85.0
Cabo Verde,2013,
Cabo Verde,2014,
Cabo Verde,2015,87.0
Cabo Verde,2016,
Cabo Verde,2017,
Cabo Verde,2018,
Cabo Verde,2019,
Cabo Verde,2020,
Cabo Verde,2021,
Cabo Verde,2022,91.0
Cabo Verde,2023,
Cameroon,2000,68.0
Cameroon,2001,
Cameroon,2002,
Cameroon,2003,
Cameroon,2004,
Cameroon,2005,
Cameroon,2006,
Cameroon,2007,71.0
Cameroon,2008,
Cameroon,2009,
Cameroon,2010,71.0
Cameroon,2011,
Cameroon,2012,
Cameroon,2013,
Cameroon,2014,
Cameroon,2015,
Cameroon,2016,
Cameroon,2017,
Cameroon,2018,72.5471267700195
Cameroon,2019,
Cameroon,2020,78.2300033569336
Cameroon,2021,
Cameroon,2022,
Cameroon,2023,
Canada,2000,
Canada,2001,
Canada,2002,
Canada,2003,
Canada,2004,
Canada,2005,
Canada,2006,
Canada,2007,
Canada,2008,
Canada,2009,
Canada,2010,
Canada,2011,
Canada,2012,
Canada,2013,
Canada,2014,
Canada,2015,
Canada,2016,
Canada,2017,
Canada,2018,
Canada,2019,
Canada,2020,
Canada,2021,
Canada,2022,
Canada,2023,
Chile,2000,
Chile,2001,
Chile,2002,96.0
Chile,2003,
Chile,2004,
Chile,2005,
Chile,2006,
Chile,2007,
Chile,2008,
Chile,2009,
Chile,2010,
Chile,2011,97.0
Chile,2012,
Chile,2013,96.0
Chile,2014,
Chile,2015,97.0
Chile,2016,
Chile,2017,96.0
Chile,2018,
Chile,2019,
Chile,2020,
Chile,2021,
Chile,2022,97.1600036621094
Chile,2023,
China,2000,91.0
China,2001,
China,2002,
China,2003,
China,2004,
China,2005,
China,2006,
China,2007,
China,2008,
China,2009,
China,2010,95.0
China,2011,
China,2012,
China,2013,
China,2014,
China,2015,
China,2016,
China,2017,
China,2018,
China,2019,
China,2020,97.0
China,2021,
China,2022,
China,2023,
Colombia,2000,
Colombia,2001,
Colombia,2002,
Colombia,2003,
Colombia,2004,93.0
Colombia,2005,93.0
Colombia,2006,92.0
Colombia,2007,93.0
Colombia,2008,93.0
Colombia,2009,93.0
Colombia,2010,93.0
Colombia,2011,94.0
Colombia,2012,
Colombia,2013,
Colombia,2014,94.0
Colombia,2015,94.0
Colombia,2016,95.0
Colombia,2017,
Colombia,2018,95.0
Colombia,2019,95.0
Colombia,2020,96.0
Colombia,2021,
Colombia,2022,
Colombia,2023,
Costa Rica,2000,95.0
Costa Rica,2001,
Costa Rica,2002,
Costa Rica,2003,
Costa Rica,2004,
Costa Rica,2005,
Costa Rica,2006,
Costa Rica,2007,
Costa Rica,2008,
Costa Rica,2009,
Costa Rica,2010,
Costa Rica,2011,97.0
Costa Rica,2012,
Costa Rica,2013,
Costa Rica,2014,
Costa Rica,2015,
Costa Rica,2016,
Costa Rica,2017,
Costa Rica,2018,
Costa Rica,2019,
Costa Rica,2020,
Costa Rica,2021,98.0400009155273
Costa Rica,2022,
Costa Rica,2023,
Cote d'Ivoire,2000,49.0
Cote d'Ivoire,2001,
Cote d'Ivoire,2002,
Cote d'Ivoire,2003,
Cote d'Ivoire,2004,
Cote d'Ivoire,2005,
Cote d'Ivoire,2006,
Cote d'Ivoire,2007,
Cote d'Ivoire,2008,
Cote d'Ivoire,2009,
Cote d'Ivoire,2010,
Cote d'Ivoire,2011,
Cote d'Ivoire,2012,40.9816284179688
Cote d'Ivoire,2013,
Cote d'Ivoire,2014,44.0
Cote d'Ivoire,2015,
Cote d'Ivoire,2016,50.039680480957
Cote d'Ivoire,2017,
Cote d'Ivoire,2018,
Cote d'Ivoire,2019,90.0
Cote d'Ivoire,2020,
Cote d'Ivoire,2021,50.0006408691406
Cote d'Ivoire,2022,
Cote d'Ivoire,2023,
Croatia,2000,
Croatia,2001,98.0
Croatia,2002,
Croatia,2003,
Croatia,2004,
Croatia,2005,
Croatia,2006,
Croatia,2007,
Croatia,2008,
Croatia,2009,
Croatia,2010,
Croatia,2011,
Croatia,2012,
Croatia,2013,
Croatia,2014,
Croatia,2015,
Croatia,2016,
Croatia,2017,
Croatia,2018,
Croatia,2019,
Croatia,2020,
Croatia,2021,99.4499969482422
Croatia,2022,
Croatia,2023,
Cuba,2000,
Cuba,2001,
Cuba,2002,100.0
Cuba,2003,
Cuba,2004,
Cuba,2005,
Cuba,2006,
Cuba,2007,
Cuba,2008,
Cuba,2009,
Cuba,2010,
Cuba,2011,
Cuba,2012,100.0
Cuba,2013,
Cuba,2014,
Cuba,2015,
Cuba,2016,
Cuba,2017,
Cuba,2018,
Cuba,2019,97.6549072265625
Cuba,2020,
Cuba,2021,99.6731109619141
Cuba,2022,
Cuba,2023,
Cyprus,2000,
Cyprus,2001,97.0
Cyprus,2002,
Cyprus,2003,
Cyprus,2004,
Cyprus,2005,
Cyprus,2006,
Cyprus,2007,
Cyprus,2008,
Cyprus,2009,
Cyprus,2010,
Cyprus,2011,99.0
Cyprus,2012,
Cyprus,2013,
Cyprus,2014,
Cyprus,2015,
Cyprus,2016,
Cyprus,2017,
Cyprus,2018,
Cyprus,2019,
Cyprus,2020,
Cyprus,2021,99.3600006103516
Cyprus,2022,
Cyprus,2023,
Czechia,2000,
Czechia,2001,
Czechia,2002,
Czechia,2003,
Czechia,2004,
Czechia,2005,
Czechia,2006,
Czechia,2007,
Czechia,2008,
Czechia,2009,
Czechia,2010,
Czechia,2011,
Czechia,2012,
Czechia,2013,
Czechia,2014,
Czechia,2015,
Czechia,2016,
Czechia,2017,
Czechia,2018,
Czechia,2019,
Czechia,2020,
Czechia,2021,
Czechia,2022,
Czechia,2023,
Denmark,2000,
Denmark,2001,
Denmark,2002,
Denmark,2003,
Denmark,2004,
Denmark,2005,
Denmark,2006,
Denmark,2007,
Denmark,2008,
Denmark,2009,
Denmark,2010,
Denmark,2011,
Denmark,2012,
Denmark,2013,
Denmark,2014,
Denmark,2015,
Denmark,2016,
Denmark,2017,
Denmark,2018,
Denmark,2019,
Denmark,2020,
Denmark,2021,
Denmark,2022,
Denmark,2023,
Dominica,2000,
Dominica,2001,
Dominica,2002,
Dominica,2003,
Dominica,2004,
Dominica,2005,
Dominica,2006,
Dominica,2007,
Dominica,2008,
Dominica,2009,
Dominica,2010,
Dominica,2011,
Dominica,2012,
Dominica,2013,
Dominica,2014,
Dominica,2015,
Dominica,2016,
Dominica,2017,
Dominica,2018,
Dominica,2019,
Dominica,2020,
Dominica,2021,
Dominica,2022,
Dominica,2023,
Dominican Republic,2000,
Dominican Republic,2001,
Dominican Republic,2002,87.0
Dominican Republic,2003,
Dominican Republic,2004,
Dominican Republic,2005,
Dominican Republic,2006,
Dominican Republic,2007,88.0
Dominican Republic,2008,
Dominican Republic,2009,
Dominican Republic,2010,90.0
Dominican Republic,2011,90.0
Dominican Republic,2012,90.0
Dominican Republic,2013,91.0
Dominican Republic,2014,92.0
Dominican Republic,2015,92.0
Dominican Republic,2016,94.0
Dominican Republic,2017,
Dominican Republic,2018,
Dominican Republic,2019,
Dominican Republic,2020,
Dominican Republic,2021,
Dominican Republic,2022,95.5
Dominican Republic,2023,
Ecuador,2000,
Ecuador,2001,91.0
Ecuador,2002,
Ecuador,2003,
Ecuador,2004,
Ecuador,2005,
Ecuador,2006,
Ecuador,2007,92.0
Ecuador,2008,92.0
Ecuador,2009,92.0
Ecuador,2010,92.0
Ecuador,2011,92.0
Ecuador,2012,92.0
Ecuador,2013,93.0
Ecuador,2014,94.0
Ecuador,2015,94.0
Ecuador,2016,94.0
Ecuador,2017,93.0
Ecuador,2018,
Ecuador,2019,
Ecuador,2020,94.0
Ecuador,2021,94.0
Ecuador,2022,94.0
Ecuador,2023,
"Egypt, Arab Rep.",2000,
"Egypt, Arab Rep.",2001,
"Egypt, Arab Rep.",2002,
"Egypt, Arab Rep.",2003,
"Egypt, Arab Rep.",2004,
"Egypt, Arab Rep.",2005,67.0
"Egypt, Arab Rep.",2006,66.0
"Egypt, Arab Rep.",2007,
"Egypt, Arab Rep.",2008,
"Egypt, Arab Rep.",2009,
"Egypt, Arab Rep.",2010,72.0
"Egypt, Arab Rep.",2011,
"Egypt, Arab Rep.",2012,74.0
"Egypt, Arab Rep.",2013,72.0
"Egypt, Arab Rep.",2014,
"Egypt, Arab Rep.",2015,
"Egypt, Arab Rep.",2016,
"Egypt, Arab Rep.",2017,71.0
"Egypt, Arab Rep.",2018,
"Egypt, Arab Rep.",2019,
"Egypt, Arab Rep.",2020,
"Egypt, Arab Rep.",2021,
"Egypt, Arab Rep.",2022,74.5
"Egypt, Arab Rep.",2023,
Eritrea,2000,
Eritrea,2001,
Eritrea,2002,53.0
Eritrea,2003,
Eritrea,2004,
Eritrea,2005,
Eritrea,2006,
Eritrea,2007,
Eritrea,2008,65.0
Eritrea,2009,
Eritrea,2010,
Eritrea,2011,
Eritrea,2012,
Eritrea,2013,
Eritrea,2014,
Eritrea,2015,
Eritrea,2016,
Eritrea,2017,
Eritrea,2018,76.5705184936523
Eritrea,2019,
Eritrea,2020,
Eritrea,2021,
Eritrea,2022,
Eritrea,2023,
Estonia,2000,100.0
Estonia,2001,
Estonia,2002,
Estonia,2003,
Estonia,2004,
Estonia,2005,
Estonia,2006,
Estonia,2007,
Estonia,2008,
Estonia,2009,
Estonia,2010,
Estonia,2011,100.0
Estonia,2012,
Estonia,2013,
Estonia,2014,
Estonia,2015,
Estonia,2016,
Estonia,2017,
Estonia,2018,
Estonia,2019,
Estonia,2020,
Estonia,2021,99.870002746582
Estonia,2022,
Estonia,2023,
Ethiopia,2000,
Ethiopia,2001,
Ethiopia,2002,
Ethiopia,2003,
Ethiopia,2004,35.9000015258789
Ethiopia,2005,29.8203392028809
Ethiopia,2006,
Ethiopia,2007,39.0
Ethiopia,2008,
Ethiopia,2009,
Ethiopia,2010,
Ethiopia,2011,
Ethiopia,2012,
Ethiopia,2013,
Ethiopia,2014,
Ethiopia,2015,
Ethiopia,2016,47.4915885925293
Ethiopia,2017,51.7711791992188
Ethiopia,2018,
Ethiopia,2019,
Ethiopia,2020,
Ethiopia,2021,
Ethiopia,2022,
Ethiopia,2023,
Fiji,2000,
Fiji,2001,
Fiji,2002,
Fiji,2003,
Fiji,2004,
Fiji,2005,
Fiji,2006,
Fiji,2007,
Fiji,2008,
Fiji,2009,
Fiji,2010,
Fiji,2011,
Fiji,2012,
Fiji,2013,
Fiji,2014,
Fiji,2015,
Fiji,2016,
Fiji,2017,
Fiji,2018,
Fiji,2019,
Fiji,2020,
Fiji,2021,
Fiji,2022,
Fiji,2023,
Finland,2000,
Finland,2001,
Finland,2002,
Finland,2003,
Finland,2004,
Finland,2005,
Finland,2006,
Finland,2007,
Finland,2008,
Finland,2009,
Finland,2010,
Finland,2011,
Finland,2012,
Finland,2013,
Finland,2014,
Finland,2015,
Finland,2016,
Finland,2017,
Finland,2018,
Finland,2019,
Finland,2020,
Finland,2021,
Finland,2022,
Finland,2023,
France,2000,
France,2001,
France,2002,
France,2003,
France,2004,
France,2005,
France,2006,
France,2007,
France,2008,
France,2009,
France,2010,
France,2011,
France,2012,
France,2013,
France,2014,
France,2015,
France,2016,
France,2017,
France,2018,
France,2019,
France,2020,
France,2021,
France,2022,
France,2023,
Gabon,2000,
Gabon,2001,
Gabon,2002,
Gabon,2003,
Gabon,2004,
Gabon,2005,
Gabon,2006,
Gabon,2007,
Gabon,2008,
Gabon,2009,
Gabon,2010,
Gabon,2011,
Gabon,2012,82.2837982177734
Gabon,2013,
Gabon,2014,
Gabon,2015,
Gabon,2016,
Gabon,2017,
Gabon,2018,
Gabon,2019,
Gabon,2020,
Gabon,2021,88.8583374023438
Gabon,2022,85.6900024414062
Gabon,2023,
Georgia,2000,
Georgia,2001,
Georgia,2002,100.0
Georgia,2003,
Georgia,2004,
Georgia,2005,
Georgia,2006,
Georgia,2007,
Georgia,2008,
Georgia,2009,
Georgia,2010,
Georgia,2011,
Georgia,2012,
Georgia,2013,
Georgia,2014,100.0
Georgia,2015,
Georgia,2016,
Georgia,2017,99.0
Georgia,2018,99.6536636352539
Georgia,2019,
Georgia,2020,
Georgia,2021,
Georgia,2022,100.0
Georgia,2023,
Germany,2000,
Germany,2001,
Germany,2002,
Germany,2003,
Germany,2004,
Germany,2005,
Germany,2006,
Germany,2007,
Germany,2008,
Germany,2009,
Germany,2010,
Germany,2011,
Germany,2012,
Germany,2013,
Germany,2014,
Germany,2015,
Germany,2016,
Germany,2017,
Germany,2018,
Germany,2019,
Germany,2020,
Germany,2021,
Germany,2022,
Germany,2023,
Ghana,2000,58.0
Ghana,2001,
Ghana,2002,
Ghana,2003,
Ghana,2004,
Ghana,2005,
Ghana,2006,
Ghana,2007,
Ghana,2008,
Ghana,2009,
Ghana,2010,71.0
Ghana,2011,
Ghana,2012,
Ghana,2013,
Ghana,2014,
Ghana,2015,
Ghana,2016,
Ghana,2017,64.4923934936523
Ghana,2018,
Ghana,2019,
Ghana,2020,80.379997253418
Ghana,2021,
Ghana,2022,
Ghana,2023,
Greece,2000,
Greece,2001,96.0
Greece,2002,
Greece,2003,
Greece,2004,
Greece,2005,
Greece,2006,
Greece,2007,
Greece,2008,
Greece,2009,94.0
Greece,2010,
Greece,2011,
Greece,2012,
Greece,2013,
Greece,2014,
Greece,2015,
Greece,2016,
Greece,2017,
Greece,2018,
Greece,2019,
Greece,2020,
Greece,2021,
Greece,2022,
Greece,2023,
Grenada,2000,
Grenada,2001,
Grenada,2002,
Grenada,2003,
Grenada,2004,
Grenada,2005,
Grenada,2006,
Grenada,2007,
Grenada,2008,
Grenada,2009,
Grenada,2010,
Grenada,2011,
Grenada,2012,
Grenada,2013,
Grenada,2014,
Grenada,2015,
Grenada,2016,
Grenada,2017,
Grenada,2018,
Grenada,2019,
Grenada,2020,
Grenada,2021,
Grenada,2022,
Grenada,2023,
Guatemala,2000,
Guatemala,2001,
Guatemala,2002,69.0
Guatemala,2003,
Guatemala,2004,
Guatemala,2005,
Guatemala,2006,
Guatemala,2007,
Guatemala,2008,
Guatemala,2009,
Guatemala,2010,
Guatemala,2011,
Guatemala,2012,78.0
Guatemala,2013,77.0
Guatemala,2014,81.0
Guatemala,2015,80.1950912475586
Guatemala,2016,
Guatemala,2017,
Guatemala,2018,81.0
Guatemala,2019,
Guatemala,2020,
Guatemala,2021,
Guatemala,2022,83.0311737060547
Guatemala,2023,
"Hong Kong SAR, China",2000,
"Hong Kong SAR, China",2001,
"Hong Kong SAR, China",2002,
"Hong Kong SAR, China",2003,
"Hong Kong SAR, China",2004,
"Hong Kong SAR, China",2005,
"Hong Kong SAR, China",2006,
"Hong Kong SAR, China",2007,
"Hong Kong SAR, China",2008,
"Hong Kong SAR, China",2009,
"Hong Kong SAR, China",2010,
"Hong Kong SAR, China",2011,
"Hong Kong SAR, China",2012,
"Hong Kong SAR, China",2013,
"Hong Kong SAR, China",2014,
"Hong Kong SAR, China",2015,
"Hong Kong SAR, China",2016,
"Hong Kong SAR, China",2017,
"Hong Kong SAR, China",2018,
"Hong Kong SAR, China",2019,
"Hong Kong SAR, China",2020,
"Hong Kong SAR, China",2021,
"Hong Kong SAR, China",2022,
"Hong Kong SAR, China",2023,
Hungary,2000,
Hungary,2001,
Hungary,2002,
Hungary,2003,
Hungary,2004,
Hungary,2005,
Hungary,2006,
Hungary,2007,
Hungary,2008,
Hungary,2009,
Hungary,2010,
Hungary,2011,
Hungary,2012,
Hungary,2013,
Hungary,2014,
Hungary,2015,
Hungary,2016,
Hungary,2017,
Hungary,2018,
Hungary,2019,
Hungary,2020,
Hungary,2021,99.0999984741211
Hungary,2022,
Hungary,2023,
Iceland,2000,
Iceland,2001,
Iceland,2002,
Iceland,2003,
Iceland,2004,
Iceland,2005,
Iceland,2006,
Iceland,2007,
Iceland,2008,
Iceland,2009,
Iceland,2010,
Iceland,2011,
Iceland,2012,
Iceland,2013,
Iceland,2014,
Iceland,2015,
Iceland,2016,
Iceland,2017,
Iceland,2018,
Iceland,2019,
Iceland,2020,
Iceland,2021,
Iceland,2022,
Iceland,2023,
India,2000,
India,2001,61.0
India,2002,
India,2003,
India,2004,
India,2005,
India,2006,63.0
India,2007,
India,2008,
India,2009,
India,2010,
India,2011,69.0
India,2012,
India,2013,
India,2014,
India,2015,
India,2016,
India,2017,
India,2018,
India,2019,
India,2020,
India,2021,
India,2022,76.0
India,2023,77.0
Indonesia,2000,
Indonesia,2001,
Indonesia,2002,
Indonesia,2003,
Indonesia,2004,90.0
Indonesia,2005,
Indonesia,2006,92.0
Indonesia,2007,
Indonesia,2008,92.0
Indonesia,2009,93.0
Indonesia,2010,
Indonesia,2011,93.0
Indonesia,2012,
Indonesia,2013,
Indonesia,2014,95.0
Indonesia,2015,95.0
Indonesia,2016,95.0
Indonesia,2017,
Indonesia,2018,96.0
Indonesia,2019,
Indonesia,2020,96.0
Indonesia,2021,
Indonesia,2022,
Indonesia,2023,
"Iran, Islamic Rep.",2000,
"Iran, Islamic Rep.",2001,
"Iran, Islamic Rep.",2002,77.0
"Iran, Islamic Rep.",2003,
"Iran, Islamic Rep.",2004,
"Iran, Islamic Rep.",2005,82.0
"Iran, Islamic Rep.",2006,82.0
"Iran, Islamic Rep.",2007,
"Iran, Islamic Rep.",2008,83.0
"Iran, Islamic Rep.",2009,
"Iran, Islamic Rep.",2010,
"Iran, Islamic Rep.",2011,
"Iran, Islamic Rep.",2012,84.0
"Iran, Islamic Rep.",2013,85.0
"Iran, Islamic Rep.",2014,85.0
"Iran, Islamic Rep.",2015,
"Iran, Islamic Rep.",2016,86.0
"Iran, Islamic Rep.",2017,
"Iran, Islamic Rep.",2018,
"Iran, Islamic Rep.",2019,
"Iran, Islamic Rep.",2020,
"Iran, Islamic Rep.",2021,
"Iran, Islamic Rep.",2022,88.9599990844727
"Iran, Islamic Rep.",2023,
Ireland,2000,
Ireland,2001,
Ireland,2002,
Ireland,2003,
Ireland,2004,
Ireland,2005,
Ireland,2006,
Ireland,2007,
Ireland,2008,
Ireland,2009,
Ireland,2010,
Ireland,2011,
Ireland,2012,
Ireland,2013,
Ireland,2014,
Ireland,2015,
Ireland,2016,
Ireland,2017,
Ireland,2018,
Ireland,2019,
Ireland,2020,
Ireland,2021,
Ireland,2022,
Ireland,2023,
Israel,2000,
Israel,2001,
Israel,2002,
Israel,2003,
Israel,2004,
Israel,2005,
Israel,2006,
Israel,2007,
Israel,2008,
Israel,2009,
Israel,2010,
Israel,2011,
Israel,2012,
Israel,2013,
Israel,2014,
Israel,2015,
Israel,2016,
Israel,2017,
Israel,2018,
Israel,2019,
Israel,2020,
Israel,2021,
Israel,2022,
Israel,2023,
Italy,2000,
Italy,2001,98.0
Italy,2002,
Italy,2003,
Italy,2004,
Italy,2005,
Italy,2006,
Italy,2007,
Italy,2008,
Italy,2009,
Italy,2010,
Italy,2011,99.0
Italy,2012,
Italy,2013,
Italy,2014,
Italy,2015,
Italy,2016,
Italy,2017,
Italy,2018,
Italy,2019,99.0
Italy,2020,
Italy,2021,
Italy,2022,
Italy,2023,
Jamaica,2000,
Jamaica,2001,
Jamaica,2002,
Jamaica,2003,
Jamaica,2004,
Jamaica,2005,
Jamaica,2006,
Jamaica,2007,
Jamaica,2008,
Jamaica,2009,
Jamaica,2010,
Jamaica,2011,
Jamaica,2012,
Jamaica,2013,
Jamaica,2014,
Jamaica,2015,
Jamaica,2016,
Jamaica,2017,
Jamaica,2018,
Jamaica,2019,
Jamaica,2020,
Jamaica,2021,
Jamaica,2022,
Jamaica,2023,
Japan,2000,
Japan,2001,
Japan,2002,
Japan,2003,
Japan,2004,
Japan,2005,
Japan,2006,
Japan,2007,
Japan,2008,
Japan,2009,
Japan,2010,
Japan,2011,
Japan,2012,
Japan,2013,
Japan,2014,
Japan,2015,
Japan,2016,
Japan,2017,
Japan,2018,
Japan,2019,
Japan,2020,
Japan,2021,
Japan,2022,
Japan,2023,
Jordan,2000,
Jordan,2001,
Jordan,2002,
Jordan,2003,90.0
Jordan,2004,
Jordan,2005,91.0
Jordan,2006,
Jordan,2007,92.0
Jordan,2008,
Jordan,2009,
Jordan,2010,93.0
Jordan,2011,96.0
Jordan,2012,98.0
Jordan,2013,
Jordan,2014,
Jordan,2015,
Jordan,2016,
Jordan,2017,
Jordan,2018,95.4314498901367
Jordan,2019,
Jordan,2020,
Jordan,2021,
Jordan,2022,
Jordan,2023,95.0
Kazakhstan,2000,
Kazakhstan,2001,
Kazakhstan,2002,
Kazakhstan,2003,
Kazakhstan,2004,
Kazakhstan,2005,
Kazakhstan,2006,
Kazakhstan,2007,
Kazakhstan,2008,
Kazakhstan,2009,100.0
Kazakhstan,2010,99.7816314697266
Kazakhstan,2011,
Kazakhstan,2012,
Kazakhstan,2013,
Kazakhstan,2014,
Kazakhstan,2015,
Kazakhstan,2016,
Kazakhstan,2017,
Kazakhstan,2018,
Kazakhstan,2019,
Kazakhstan,2020,99.8000030517578
Kazakhstan,2021,
Kazakhstan,2022,
Kazakhstan,2023,
Kenya,2000,82.0
Kenya,2001,
Kenya,2002,
Kenya,2003,
Kenya,2004,
Kenya,2005,
Kenya,2006,
Kenya,2007,72.1570281982422
Kenya,2008,
Kenya,2009,
Kenya,2010,
Kenya,2011,
Kenya,2012,
Kenya,2013,
Kenya,2014,78.733039855957
Kenya,2015,
Kenya,2016,
Kenya,2017,
Kenya,2018,
Kenya,2019,
Kenya,2020,
Kenya,2021,
Kenya,2022,82.879997253418
Kenya,2023,
"Korea, Rep.",2000,
"Korea, Rep.",2001,
"Korea, Rep.",2002,
"Korea, Rep.",2003,
"Korea, Rep.",2004,
"Korea, Rep.",2005,
"Korea, Rep.",2006,
"Korea, Rep.",2007,
"Korea, Rep.",2008,98.0
"Korea, Rep.",2009,
"Korea, Rep.",2010,
"Korea, Rep.",2011,
"Korea, Rep.",2012,
"Korea, Rep.",2013,
"Korea, Rep.",2014,
"Korea, Rep.",2015,
"Korea, Rep.",2016,
"Korea, Rep.",2017,
"Korea, Rep.",2018,98.8000030517578
"Korea, Rep.",2019,
"Korea, Rep.",2020,
"Korea, Rep.",2021,
"Korea, Rep.",2022,
"Korea, Rep.",2023,
Kosovo,2000,
Kosovo,2001,
Kosovo,2002,
Kosovo,2003,
Kosovo,2004,
Kosovo,2005,
Kosovo,2006,
Kosovo,2007,
Kosovo,2008,
Kosovo,2009,
Kosovo,2010,
Kosovo,2011,
Kosovo,2012,
Kosovo,2013,
Kosovo,2014,
Kosovo,2015,
Kosovo,2016,
Kosovo,2017,
Kosovo,2018,
Kosovo,2019,
Kosovo,2020,
Kosovo,2021,
Kosovo,2022,
Kosovo,2023,
Kuwait,2000,
Kuwait,2001,
Kuwait,2002,
Kuwait,2003,
Kuwait,2004,
Kuwait,2005,93.0
Kuwait,2006,93.0
Kuwait,2007,94.0
Kuwait,2008,94.0
Kuwait,2009,
Kuwait,2010,94.0
Kuwait,2011,
Kuwait,2012,96.0
Kuwait,2013,96.0
Kuwait,2014,
Kuwait,2015,96.0
Kuwait,2016,
Kuwait,2017,96.0
Kuwait,2018,96.0
Kuwait,2019,
Kuwait,2020,96.0
Kuwait,2021,
Kuwait,2022,
Kuwait,2023,
Kyrgyz Republic,2000,
Kyrgyz Republic,2001,
Kyrgyz Republic,2002,
Kyrgyz Republic,2003,
Kyrgyz Republic,2004,
Kyrgyz Republic,2005,
Kyrgyz Republic,2006,
Kyrgyz Republic,2007,
Kyrgyz Republic,2008,
Kyrgyz Republic,2009,99.0
Kyrgyz Republic,2010,
Kyrgyz Republic,2011,
Kyrgyz Republic,2012,
Kyrgyz Republic,2013,
Kyrgyz Republic,2014,
Kyrgyz Republic,2015,
Kyrgyz Republic,2016,
Kyrgyz Republic,2017,
Kyrgyz Republic,2018,
Kyrgyz Republic,2019,99.5999984741211
Kyrgyz Republic,2020,
Kyrgyz Republic,2021,
Kyrgyz Republic,2022,
Kyrgyz Republic,2023,
Latvia,2000,100.0
Latvia,2001,
Latvia,2002,
Latvia,2003,
Latvia,2004,
Latvia,2005,
Latvia,2006,
Latvia,2007,
Latvia,2008,
Latvia,2009,
Latvia,2010,
Latvia,2011,100.0
Latvia,2012,
Latvia,2013,
Latvia,2014,
Latvia,2015,
Latvia,2016,
Latvia,2017,
Latvia,2018,
Latvia,2019,
Latvia,2020,
Latvia,2021,99.8899993896484
Latvia,2022,
Latvia,2023,
Liechtenstein,2000,
Liechtenstein,2001,
Liechtenstein,2002,
Liechtenstein,2003,
Liechtenstein,2004,
Liechtenstein,2005,
Liechtenstein,2006,
Liechtenstein,2007,
Liechtenstein,2008,
Liechtenstein,2009,
Liechtenstein,2010,
Liechtenstein,2011,
Liechtenstein,2012,
Liechtenstein,2013,
Liechtenstein,2014,
Liechtenstein,2015,
Liechtenstein,2016,
Liechtenstein,2017,
Liechtenstein,2018,
Liechtenstein,2019,
Liechtenstein,2020,
Liechtenstein,2021,
Liechtenstein,2022,
Liechtenstein,2023,
Lithuania,2000,
Lithuania,2001,100.0
Lithuania,2002,
Lithuania,2003,
Lithuania,2004,
Lithuania,2005,
Lithuania,2006,
Lithuania,2007,
Lithuania,2008,
Lithuania,2009,
Lithuania,2010,
Lithuania,2011,100.0
Lithuania,2012,
Lithuania,2013,
Lithuania,2014,
Lithuania,2015,
Lithuania,2016,
Lithuania,2017,
Lithuania,2018,
Lithuania,2019,
Lithuania,2020,
Lithuania,2021,99.8300018310547
Lithuania,2022,
Lithuania,2023,
Malaysia,2000,
Malaysia,2001,
Malaysia,2002,
Malaysia,2003,
Malaysia,2004,
Malaysia,2005,
Malaysia,2006,
Malaysia,2007,
Malaysia,2008,
Malaysia,2009,
Malaysia,2010,93.0
Malaysia,2011,
Malaysia,2012,
Malaysia,2013,
Malaysia,2014,
Malaysia,2015,
Malaysia,2016,95.0
Malaysia,2017,95.0
Malaysia,2018,95.0
Malaysia,2019,95.0
Malaysia,2020,
Malaysia,2021,
Malaysia,2022,96.0
Malaysia,2023,
Mauritius,2000,84.0
Mauritius,2001,
Mauritius,2002,
Mauritius,2003,
Mauritius,2004,
Mauritius,2005,
Mauritius,2006,
Mauritius,2007,
Mauritius,2008,
Mauritius,2009,
Mauritius,2010,
Mauritius,2011,89.0
Mauritius,2012,92.0
Mauritius,2013,91.0
Mauritius,2014,92.0
Mauritius,2015,93.0
Mauritius,2016,93.0
Mauritius,2017,
Mauritius,2018,
Mauritius,2019,
Mauritius,2020,
Mauritius,2021,92.1500015258789
Mauritius,2022,
Mauritius,2023,
Mexico,2000,91.0
Mexico,2001,
Mexico,2002,90.0
Mexico,2003,
Mexico,2004,91.0
Mexico,2005,92.0
Mexico,2006,92.0
Mexico,2007,93.0
Mexico,2008,93.0
Mexico,2009,93.0
Mexico,2010,93.0
Mexico,2011,94.0
Mexico,2012,94.0
Mexico,2013,94.0
Mexico,2014,95.0
Mexico,2015,94.0
Mexico,2016,95.0
Mexico,2017,95.0
Mexico,2018,95.0
Mexico,2019,
Mexico,2020,95.0
Mexico,2021,
Mexico,2022,
Mexico,2023,
Moldova,2000,97.0
Moldova,2001,
Moldova,2002,
Moldova,2003,
Moldova,2004,
Moldova,2005,
Moldova,2006,
Moldova,2007,
Moldova,2008,
Moldova,2009,
Moldova,2010,
Moldova,2011,
Moldova,2012,
Moldova,2013,
Moldova,2014,99.0
Moldova,2015,
Moldova,2016,
Moldova,2017,
Moldova,2018,
Moldova,2019,
Moldova,2020,
Moldova,2021,99.5999984741211
Moldova,2022,
Moldova,2023,
Mongolia,2000,98.0
Mongolia,2001,
Mongolia,2002,
Mongolia,2003,
Mongolia,2004,
Mongolia,2005,
Mongolia,2006,
Mongolia,2007,
Mongolia,2008,
Mongolia,2009,
Mongolia,2010,98.0
Mongolia,2011,
Mongolia,2012,
Mongolia,2013,
Mongolia,2014,
Mongolia,2015,
Mongolia,2016,
Mongolia,2017,
Mongolia,2018,96.8963470458984
Mongolia,2019,
Mongolia,2020,99.0
Mongolia,2021,
Mongolia,2022,
Mongolia,2023,
Montenegro,2000,
Montenegro,2001,
Montenegro,2002,
Montenegro,2003,98.0
Montenegro,2004,
Montenegro,2005,
Montenegro,2006,
Montenegro,2007,
Montenegro,2008,
Montenegro,2009,
Montenegro,2010,
Montenegro,2011,98.0
Montenegro,2012,
Montenegro,2013,
Montenegro,2014,
Montenegro,2015,
Montenegro,2016,
Montenegro,2017,
Montenegro,2018,98.5344009399414
Montenegro,2019,
Montenegro,2020,
Montenegro,2021,98.9800033569336
Montenegro,2022,
Montenegro,2023,
Morocco,2000,
Morocco,2001,
Morocco,2002,
Morocco,2003,
Morocco,2004,52.0
Morocco,2005,
Morocco,2006,
Morocco,2007,
Morocco,2008,55.0
Morocco,2009,56.0
Morocco,2010,
Morocco,2011,67.0
Morocco,2012,69.0
Morocco,2013,
Morocco,2014,76.0
Morocco,2015,
Morocco,2016,
Morocco,2017,
Morocco,2018,
Morocco,2019,
Morocco,2020,
Morocco,2021,
Morocco,2022,77.3499984741211
Morocco,2023,
Mozambique,2000,
Mozambique,2001,
Mozambique,2002,
Mozambique,2003,48.0
Mozambique,2004,
Mozambique,2005,
Mozambique,2006,
Mozambique,2007,
Mozambique,2008,
Mozambique,2009,51.0
Mozambique,2010,
Mozambique,2011,
Mozambique,2012,
Mozambique,2013,
Mozambique,2014,
Mozambique,2015,56.0
Mozambique,2016,
Mozambique,2017,61.0
Mozambique,2018,
Mozambique,2019,
Mozambique,2020,60.0
Mozambique,2021,
Mozambique,2022,
Mozambique,2023,
Namibia,2000,
Namibia,2001,85.0
Namibia,2002,
Namibia,2003,
Namibia,2004,
Namibia,2005,
Namibia,2006,
Namibia,2007,76.4865875244141
Namibia,2008,
Namibia,2009,
Namibia,2010,
Namibia,2011,88.0
Namibia,2012,
Namibia,2013,
Namibia,2014,
Namibia,2015,
Namibia,2016,
Namibia,2017,
Namibia,2018,
Namibia,2019,
Namibia,2020,
Namibia,2021,92.25
Namibia,2022,
Namibia,2023,
Netherlands,2000,
Netherlands,2001,
Netherlands,2002,
Netherlands,2003,
Netherlands,2004,
Netherlands,2005,
Netherlands,2006,
Netherlands,2007,
Netherlands,2008,
Netherlands,2009,
Netherlands,2010,
Netherlands,2011,
Netherlands,2012,
Netherlands,2013,
Netherlands,2014,
Netherlands,2015,
Netherlands,2016,
Netherlands,2017,
Netherlands,2018,
Netherlands,2019,
Netherlands,2020,
Netherlands,2021,
Netherlands,2022,
Netherlands,2023,
New Zealand,2000,
New Zealand,2001,
New Zealand,2002,
New Zealand,2003,
New Zealand,2004,
New Zealand,2005,
New Zealand,2006,
New Zealand,2007,
New Zealand,2008,
New Zealand,2009,
New Zealand,2010,
New Zealand,2011,
New Zealand,2012,
New Zealand,2013,
New Zealand,2014,
New Zealand,2015,
New Zealand,2016,
New Zealand,2017,
New Zealand,2018,
New Zealand,2019,
New Zealand,2020,
New Zealand,2021,
New Zealand,2022,
New Zealand,2023,
Niger,2000,
Niger,2001,14.0
Niger,2002,
Niger,2003,
Niger,2004,
Niger,2005,29.0
Niger,2006,
Niger,2007,
Niger,2008,
Niger,2009,
Niger,2010,
Niger,2011,
Niger,2012,31.0
Niger,2013,
Niger,2014,
Niger,2015,
Niger,2016,
Niger,2017,
Niger,2018,
Niger,2019,
Niger,2020,
Niger,2021,
Niger,2022,38.0999984741211
Niger,2023,
Nigeria,2000,
Nigeria,2001,
Nigeria,2002,
Nigeria,2003,55.0
Nigeria,2004,
Nigeria,2005,
Nigeria,2006,70.0
Nigeria,2007,
Nigeria,2008,51.0776596069336
Nigeria,2009,
Nigeria,2010,
Nigeria,2011,
Nigeria,2012,
Nigeria,2013,
Nigeria,2014,
Nigeria,2015,
Nigeria,2016,58.2213401794434
Nigeria,2017,
Nigeria,2018,62.0160102844238
Nigeria,2019,
Nigeria,2020,
Nigeria,2021,63.1555404663086
Nigeria,2022,
Nigeria,2023,
North Macedonia,2000,
North Macedonia,2001,
North Macedonia,2002,96.0
North Macedonia,2003,
North Macedonia,2004,
North Macedonia,2005,
North Macedonia,2006,
North Macedonia,2007,
North Macedonia,2008,
North Macedonia,2009,
North Macedonia,2010,
North Macedonia,2011,
North Macedonia,2012,97.5999984741211
North Macedonia,2013,
North Macedonia,2014,
North Macedonia,2015,
North Macedonia,2016,
North Macedonia,2017,
North Macedonia,2018,
North Macedonia,2019,
North Macedonia,2020,
North Macedonia,2021,
North Macedonia,2022,
North Macedonia,2023,
Norway,2000,
Norway,2001,
Norway,2002,
Norway,2003,
Norway,2004,
Norway,2005,
Norway,2006,
Norway,2007,
Norway,2008,
Norway,2009,
Norway,2010,
Norway,2011,
Norway,2012,
Norway,2013,
Norway,2014,
Norway,2015,
Norway,2016,
Norway,2017,
Norway,2018,
Norway,2019,
Norway,2020,
Norway,2021,
Norway,2022,
Norway,2023,
Pakistan,2000,
Pakistan,2001,
Pakistan,2002,
Pakistan,2003,
Pakistan,2004,
Pakistan,2005,50.0
Pakistan,2006,54.0
Pakistan,2007,52.0
Pakistan,2008,56.0
Pakistan,2009,55.0
Pakistan,2010,55.0
Pakistan,2011,55.0
Pakistan,2012,57.0
Pakistan,2013,56.0
Pakistan,2014,57.0
Pakistan,2015,
Pakistan,2016,
Pakistan,2017,59.0
Pakistan,2018,57.0
Pakistan,2019,58.0
Pakistan,2020,
Pakistan,2021,
Pakistan,2022,
Pakistan,2023,
Panama,2000,92.0
Panama,2001,
Panama,2002,
Panama,2003,
Panama,2004,
Panama,2005,
Panama,2006,
Panama,2007,
Panama,2008,
Panama,2009,
Panama,2010,94.0
Panama,2011,
Panama,2012,
Panama,2013,
Panama,2014,
Panama,2015,
Panama,2016,
Panama,2017,
Panama,2018,95.0
Panama,2019,96.0
Panama,2020,
Panama,2021,
Panama,2022,
Panama,2023,
Paraguay,2000,
Paraguay,2001,
Paraguay,2002,
Paraguay,2003,
Paraguay,2004,
Paraguay,2005,
Paraguay,2006,
Paraguay,2007,95.0
Paraguay,2008,93.0
Paraguay,2009,94.0
Paraguay,2010,94.0
Paraguay,2011,
Paraguay,2012,94.0
Paraguay,2013,95.0
Paraguay,2014,95.0
Paraguay,2015,96.0
Paraguay,2016,95.0
Paraguay,2017,
Paraguay,2018,94.0
Paraguay,2019,93.0
Paraguay,2020,95.0
Paraguay,2021,
Paraguay,2022,
Paraguay,2023,
Peru,2000,
Peru,2001,
Peru,2002,
Peru,2003,
Peru,2004,88.0
Peru,2005,88.0
Peru,2006,89.0
Peru,2007,90.0
Peru,2008,
Peru,2009,
Peru,2010,
Peru,2011,
Peru,2012,94.0
Peru,2013,
Peru,2014,94.0
Peru,2015,94.0
Peru,2016,94.0
Peru,2017,94.0
Peru,2018,94.0
Peru,2019,
Peru,2020,94.0
Peru,2021,
Peru,2022,
Peru,2023,
Philippines,2000,93.0
Philippines,2001,
Philippines,2002,
Philippines,2003,93.0
Philippines,2004,
Philippines,2005,
Philippines,2006,
Philippines,2007,
Philippines,2008,95.0
Philippines,2009,
Philippines,2010,
Philippines,2011,
Philippines,2012,
Philippines,2013,96.0
Philippines,2014,
Philippines,2015,98.0
Philippines,2016,
Philippines,2017,
Philippines,2018,
Philippines,2019,96.0
Philippines,2020,98.0
Philippines,2021,
Philippines,2022,
Philippines,2023,
Poland,2000,
Poland,2001,
Poland,2002,
Poland,2003,
Poland,2004,
Poland,2005,
Poland,2006,
Poland,2007,
Poland,2008,
Poland,2009,
Poland,2010,
Poland,2011,
Poland,2012,
Poland,2013,
Poland,2014,
Poland,2015,
Poland,2016,
Poland,2017,
Poland,2018,
Poland,2019,
Poland,2020,
Poland,2021,99.8000030517578
Poland,2022,
Poland,2023,
Portugal,2000,
Portugal,2001,
Portugal,2002,
Portugal,2003,
Portugal,2004,
Portugal,2005,
Portugal,2006,
Portugal,2007,
Portugal,2008,
Portugal,2009,
Portugal,2010,
Portugal,2011,94.0
Portugal,2012,
Portugal,2013,
Portugal,2014,
Portugal,2015,
Portugal,2016,
Portugal,2017,
Portugal,2018,
Portugal,2019,
Portugal,2020,
Portugal,2021,96.7799987792969
Portugal,2022,
Portugal,2023,
Puerto Rico,2000,
Puerto Rico,2001,
Puerto Rico,2002,
Puerto Rico,2003,
Puerto Rico,2004,
Puerto Rico,2005,
Puerto Rico,2006,
Puerto Rico,2007,
Puerto Rico,2008,
Puerto Rico,2009,
Puerto Rico,2010,92.0
Puerto Rico,2011,
Puerto Rico,2012,
Puerto Rico,2013,
Puerto Rico,2014,
Puerto Rico,2015,
Puerto Rico,2016,
Puerto Rico,2017,92.0
Puerto Rico,2018,
Puerto Rico,2019,
Puerto Rico,2020,
Puerto Rico,2021,92.4000015258789
Puerto Rico,2022,
Puerto Rico,2023,
Qatar,2000,
Qatar,2001,
Qatar,2002,
Qatar,2003,
Qatar,2004,89.0
Qatar,2005,
Qatar,2006,
Qatar,2007,93.0
Qatar,2008,94.0
Qatar,2009,95.0
Qatar,2010,96.0
Qatar,2011,96.0
Qatar,2012,97.0
Qatar,2013,97.0
Qatar,2014,98.0
Qatar,2015,
Qatar,2016,
Qatar,2017,
Qatar,2018,
Qatar,2019,
Qatar,2020,
Qatar,2021,
Qatar,2022,
Qatar,2023,
Romania,2000,
Romania,2001,
Romania,2002,97.0
Romania,2003,
Romania,2004,
Romania,2005,
Romania,2006,
Romania,2007,
Romania,2008,
Romania,2009,
Romania,2010,
Romania,2011,99.0
Romania,2012,
Romania,2013,
Romania,2014,
Romania,2015,
Romania,2016,
Romania,2017,
Romania,2018,
Romania,2019,
Romania,2020,
Romania,2021,99.0
Romania,2022,
Romania,2023,
Russian Federation,2000,
Russian Federation,2001,
Russian Federation,2002,99.0
Russian Federation,2003,
Russian Federation,2004,
Russian Federation,2005,
Russian Federation,2006,
Russian Federation,2007,
Russian Federation,2008,
Russian Federation,2009,
Russian Federation,2010,100.0
Russian Federation,2011,
Russian Federation,2012,
Russian Federation,2013,
Russian Federation,2014,
Russian Federation,2015,
Russian Federation,2016,
Russian Federation,2017,
Russian Federation,2018,
Russian Federation,2019,
Russian Federation,2020,
Russian Federation,2021,100.0
Russian Federation,2022,
Russian Federation,2023,
Samoa,2000,
Samoa,2001,
Samoa,2002,
Samoa,2003,
Samoa,2004,
Samoa,2005,
Samoa,2006,
Samoa,2007,
Samoa,2008,
Samoa,2009,
Samoa,2010,
Samoa,2011,99.0
Samoa,2012,
Samoa,2013,
Samoa,2014,
Samoa,2015,
Samoa,2016,
Samoa,2017,
Samoa,2018,
Samoa,2019,97.9902572631836
Samoa,2020,
Samoa,2021,99.0999984741211
Samoa,2022,
Samoa,2023,
San Marino,2000,
San Marino,2001,
San Marino,2002,
San Marino,2003,
San Marino,2004,
San Marino,2005,
San Marino,2006,
San Marino,2007,
San Marino,2008,
San Marino,2009,
San Marino,2010,
San Marino,2011,
San Marino,2012,
San Marino,2013,
San Marino,2014,
San Marino,2015,
San Marino,2016,
San Marino,2017,
San Marino,2018,
San Marino,2019,
San Marino,2020,
San Marino,2021,
San Marino,2022,100.0
San Marino,2023,
Saudi Arabia,2000,79.0
Saudi Arabia,2001,
Saudi Arabia,2002,
Saudi Arabia,2003,
Saudi Arabia,2004,83.0
Saudi Arabia,2005,
Saudi Arabia,2006,
Saudi Arabia,2007,
Saudi Arabia,2008,
Saudi Arabia,2009,
Saudi Arabia,2010,
Saudi Arabia,2011,
Saudi Arabia,2012,
Saudi Arabia,2013,94.0
Saudi Arabia,2014,
Saudi Arabia,2015,
Saudi Arabia,2016,
Saudi Arabia,2017,95.0
Saudi Arabia,2018,
Saudi Arabia,2019,
Saudi Arabia,2020,98.0
Saudi Arabia,2021,
Saudi Arabia,2022,
Saudi Arabia,2023,
Serbia,2000,
Serbia,2001,
Serbia,2002,
Serbia,2003,96.0
Serbia,2004,
Serbia,2005,
Serbia,2006,
Serbia,2007,
Serbia,2008,
Serbia,2009,
Serbia,2010,
Serbia,2011,98.0
Serbia,2012,
Serbia,2013,
Serbia,2014,
Serbia,2015,
Serbia,2016,99.0
Serbia,2017,
Serbia,2018,
Serbia,2019,99.0
Serbia,2020,
Serbia,2021,
Serbia,2022,
Serbia,2023,
Singapore,2000,93.0
Singapore,2001,
Singapore,2002,
Singapore,2003,
Singapore,2004,
Singapore,2005,
Singapore,2006,
Singapore,2007,
Singapore,2008,
Singapore,2009,
Singapore,2010,96.0
Singapore,2011,96.0
Singapore,2012,96.0
Singapore,2013,97.0
Singapore,2014,97.0
Singapore,2015,97.0
Singapore,2016,97.0
Singapore,2017,97.0
Singapore,2018,97.0
Singapore,2019,97.0
Singapore,2020,97.0
Singapore,2021,98.0
Singapore,2022,
Singapore,2023,
Slovak Republic,2000,
Slovak Republic,2001,
Slovak Republic,2002,
Slovak Republic,2003,
Slovak Republic,2004,
Slovak Republic,2005,
Slovak Republic,2006,
Slovak Republic,2007,
Slovak Republic,2008,
Slovak Republic,2009,
Slovak Republic,2010,
Slovak Republic,2011,
Slovak Republic,2012,
Slovak Republic,2013,
Slovak Republic,2014,
Slovak Republic,2015,
Slovak Republic,2016,
Slovak Republic,2017,
Slovak Republic,2018,
Slovak Republic,2019,
Slovak Republic,2020,
Slovak Republic,2021,
Slovak Republic,2022,
Slovak Republic,2023,
Slovenia,2000,
Slovenia,2001,99.5999984741211
Slovenia,2002,
Slovenia,2003,
Slovenia,2004,
Slovenia,2005,
Slovenia,2006,
Slovenia,2007,
Slovenia,2008,
Slovenia,2009,
Slovenia,2010,
Slovenia,2011,
Slovenia,2012,
Slovenia,2013,
Slovenia,2014,
Slovenia,2015,
Slovenia,2016,
Slovenia,2017,
Slovenia,2018,
Slovenia,2019,
Slovenia,2020,
Slovenia,2021,
Slovenia,2022,
Slovenia,2023,
South Africa,2000,
South Africa,2001,
South Africa,2002,
South Africa,2003,
South Africa,2004,
South Africa,2005,
South Africa,2006,
South Africa,2007,89.0
South Africa,2008,
South Africa,2009,93.0
South Africa,2010,93.0
South Africa,2011,93.0
South Africa,2012,94.0
South Africa,2013,
South Africa,2014,94.0
South Africa,2015,94.0
South Africa,2016,91.7372436523438
South Africa,2017,87.0
South Africa,2018,
South Africa,2019,95.0
South Africa,2020,
South Africa,2021,90.0
South Africa,2022,
South Africa,2023,
Spain,2000,
Spain,2001,
Spain,2002,
Spain,2003,
Spain,2004,97.0
Spain,2005,98.0
Spain,2006,98.0
Spain,2007,98.0
Spain,2008,98.0
Spain,2009,98.0
Spain,2010,98.0
Spain,2011,98.0
Spain,2012,98.0
Spain,2013,98.0
Spain,2014,98.0
Spain,2015,98.0
Spain,2016,98.0
Spain,2017,
Spain,2018,98.0
Spain,2019,
Spain,2020,99.0
Spain,2021,
Spain,2022,
Spain,2023,
Sri Lanka,2000,
Sri Lanka,2001,91.0
Sri Lanka,2002,
Sri Lanka,2003,
Sri Lanka,2004,
Sri Lanka,2005,
Sri Lanka,2006,91.0
Sri Lanka,2007,
Sri Lanka,2008,91.0
Sri Lanka,2009,
Sri Lanka,2010,91.0
Sri Lanka,2011,
Sri Lanka,2012,
Sri Lanka,2013,
Sri Lanka,2014,
Sri Lanka,2015,
Sri Lanka,2016,92.0
Sri Lanka,2017,92.0
Sri Lanka,2018,92.0
Sri Lanka,2019,92.0
Sri Lanka,2020,92.0
Sri Lanka,2021,92.0
Sri Lanka,2022,92.0
Sri Lanka,2023,
St. Lucia,2000,
St. Lucia,2001,
St. Lucia,2002,
St. Lucia,2003,
St. Lucia,2004,
St. Lucia,2005,
St. Lucia,2006,
St. Lucia,2007,
St. Lucia,2008,
St. Lucia,2009,
St. Lucia,2010,
St. Lucia,2011,
St. Lucia,2012,
St. Lucia,2013,
St. Lucia,2014,
St. Lucia,2015,
St. Lucia,2016,
St. Lucia,2017,
St. Lucia,2018,
St. Lucia,2019,
St. Lucia,2020,
St. Lucia,2021,
St. Lucia,2022,
St. Lucia,2023,
Sudan,2000,61.0
Sudan,2001,
Sudan,2002,
Sudan,2003,
Sudan,2004,
Sudan,2005,
Sudan,2006,
Sudan,2007,
Sudan,2008,54.0
Sudan,2009,
Sudan,2010,
Sudan,2011,
Sudan,2012,
Sudan,2013,
Sudan,2014,
Sudan,2015,
Sudan,2016,
Sudan,2017,
Sudan,2018,60.6971817016602
Sudan,2019,
Sudan,2020,
Sudan,2021,
Sudan,2022,
Sudan,2023,
Sweden,2000,
Sweden,2001,
Sweden,2002,
Sweden,2003,
Sweden,2004,
Sweden,2005,
Sweden,2006,
Sweden,2007,
Sweden,2008,
Sweden,2009,
Sweden,2010,
Sweden,2011,
Sweden,2012,
Sweden,2013,
Sweden,2014,
Sweden,2015,
Sweden,2016,
Sweden,2017,
Sweden,2018,
Sweden,2019,
Sweden,2020,
Sweden,2021,
Sweden,2022,
Sweden,2023,
Switzerland,2000,
Switzerland,2001,
Switzerland,2002,
Switzerland,2003,
Switzerland,2004,
Switzerland,2005,
Switzerland,2006,
Switzerland,2007,
Switzerland,2008,
Switzerland,2009,
Switzerland,2010,
Switzerland,2011,
Switzerland,2012,
Switzerland,2013,
Switzerland,2014,
Switzerland,2015,
Switzerland,2016,
Switzerland,2017,
Switzerland,2018,
Switzerland,2019,
Switzerland,2020,
Switzerland,2021,
Switzerland,2022,
Switzerland,2023,
Syrian Arab Republic,2000,
Syrian Arab Republic,2001,
Syrian Arab Republic,2002,83.0
Syrian Arab Republic,2003,
Syrian Arab Republic,2004,81.0
Syrian Arab Republic,2005,
Syrian Arab Republic,2006,
Syrian Arab Republic,2007,
Syrian Arab Republic,2008,
Syrian Arab Republic,2009,
Syrian Arab Republic,2010,
Syrian Arab Republic,2011,
Syrian Arab Republic,2012,
Syrian Arab Republic,2013,
Syrian Arab Republic,2014,86.3000030517578
Syrian Arab Republic,2015,
Syrian Arab Republic,2016,
Syrian Arab Republic,2017,
Syrian Arab Republic,2018,
Syrian Arab Republic,2019,
Syrian Arab Republic,2020,
Syrian Arab Republic,2021,94.0
Syrian Arab Republic,2022,
Syrian Arab Republic,2023,
Tajikistan,2000,99.0
Tajikistan,2001,
Tajikistan,2002,
Tajikistan,2003,
Tajikistan,2004,
Tajikistan,2005,
Tajikistan,2006,
Tajikistan,2007,
Tajikistan,2008,
Tajikistan,2009,
Tajikistan,2010,99.6999969482422
Tajikistan,2011,
Tajikistan,2012,
Tajikistan,2013,
Tajikistan,2014,
Tajikistan,2015,
Tajikistan,2016,
Tajikistan,2017,
Tajikistan,2018,
Tajikistan,2019,
Tajikistan,2020,
Tajikistan,2021,
Tajikistan,2022,
Tajikistan,2023,
Thailand,2000,93.0
Thailand,2001,
Thailand,2002,
Thailand,2003,
Thailand,2004,
Thailand,2005,94.0
Thailand,2006,
Thailand,2007,
Thailand,2008,
Thailand,2009,
Thailand,2010,96.0
Thailand,2011,
Thailand,2012,
Thailand,2013,94.0
Thailand,2014,
Thailand,2015,93.0
Thailand,2016,91.9813995361328
Thailand,2017,
Thailand,2018,94.0
Thailand,2019,91.2691497802734
Thailand,2020,
Thailand,2021,94.0999984741211
Thailand,2022,91.0998687744141
Thailand,2023,
Togo,2000,53.0
Togo,2001,
Togo,2002,
Togo,2003,
Togo,2004,
Togo,2005,
Togo,2006,57.0
Togo,2007,
Togo,2008,
Togo,2009,57.0
Togo,2010,
Togo,2011,60.0
Togo,2012,
Togo,2013,
Togo,2014,
Togo,2015,64.0
Togo,2016,
Togo,2017,
Togo,2018,
Togo,2019,67.0
Togo,2020,
Togo,2021,
Togo,2022,
Togo,2023,
Trinidad and Tobago,2000,97.9000015258789
Trinidad and Tobago,2001,
Trinidad and Tobago,2002,
Trinidad and Tobago,2003,
Trinidad and Tobago,2004,
Trinidad and Tobago,2005,
Trinidad and Tobago,2006,
Trinidad and Tobago,2007,
Trinidad and Tobago,2008,
Trinidad and Tobago,2009,
Trinidad and Tobago,2010,
Trinidad and Tobago,2011,
Trinidad and Tobago,2012,
Trinidad and Tobago,2013,
Trinidad and Tobago,2014,
Trinidad and Tobago,2015,
Trinidad and Tobago,2016,
Trinidad and Tobago,2017,
Trinidad and Tobago,2018,
Trinidad and Tobago,2019,
Trinidad and Tobago,2020,
Trinidad and Tobago,2021,
Trinidad and Tobago,2022,
Trinidad and Tobago,2023,
Tunisia,2000,
Tunisia,2001,
Tunisia,2002,
Tunisia,2003,
Tunisia,2004,74.0
Tunisia,2005,
Tunisia,2006,
Tunisia,2007,77.0
Tunisia,2008,78.0
Tunisia,2009,
Tunisia,2010,79.0
Tunisia,2011,80.0
Tunisia,2012,80.0
Tunisia,2013,
Tunisia,2014,79.0
Tunisia,2015,
Tunisia,2016,
Tunisia,2017,
Tunisia,2018,79.4751129150391
Tunisia,2019,81.0
Tunisia,2020,
Tunisia,2021,
Tunisia,2022,85.2149276733398
Tunisia,2023,
Turkiye,2000,
Turkiye,2001,
Turkiye,2002,
Turkiye,2003,
Turkiye,2004,87.0
Turkiye,2005,88.0
Turkiye,2006,88.0
Turkiye,2007,89.0
Turkiye,2008,
Turkiye,2009,91.0
Turkiye,2010,93.0
Turkiye,2011,94.0
Turkiye,2012,95.0
Turkiye,2013,95.0
Turkiye,2014,95.0
Turkiye,2015,96.0
Turkiye,2016,96.0
Turkiye,2017,96.0
Turkiye,2018,
Turkiye,2019,97.0
Turkiye,2020,
Turkiye,2021,
Turkiye,2022,
Turkiye,2023,
Turkmenistan,2000,
Turkmenistan,2001,
Turkmenistan,2002,
Turkmenistan,2003,
Turkmenistan,2004,
Turkmenistan,2005,99.4000015258789
Turkmenistan,2006,
Turkmenistan,2007,
Turkmenistan,2008,
Turkmenistan,2009,
Turkmenistan,2010,
Turkmenistan,2011,
Turkmenistan,2012,
Turkmenistan,2013,
Turkmenistan,2014,
Turkmenistan,2015,
Turkmenistan,2016,
Turkmenistan,2017,
Turkmenistan,2018,
Turkmenistan,2019,
Turkmenistan,2020,
Turkmenistan,2021,
Turkmenistan,2022,
Turkmenistan,2023,
Uganda,2000,
Uganda,2001,
Uganda,2002,68.0
Uganda,2003,
Uganda,2004,
Uganda,2005,
Uganda,2006,71.0
Uganda,2007,
Uganda,2008,
Uganda,2009,
Uganda,2010,73.0
Uganda,2011,
Uganda,2012,70.0
Uganda,2013,
Uganda,2014,
Uganda,2015,
Uganda,2016,69.101318359375
Uganda,2017,
Uganda,2018,
Uganda,2019,
Uganda,2020,
Uganda,2021,
Uganda,2022,80.5899963378906
Uganda,2023,
Ukraine,2000,
Ukraine,2001,99.0
Ukraine,2002,
Ukraine,2003,
Ukraine,2004,
Ukraine,2005,
Ukraine,2006,
Ukraine,2007,
Ukraine,2008,
Ukraine,2009,
Ukraine,2010,
Ukraine,2011,
Ukraine,2012,99.9743499755859
Ukraine,2013,
Ukraine,2014,
Ukraine,2015,
Ukraine,2016,
Ukraine,2017,
Ukraine,2018,
Ukraine,2019,
Ukraine,2020,
Ukraine,2021,100.0
Ukraine,2022,
Ukraine,2023,
United Arab Emirates,2000,
United Arab Emirates,2001,
United Arab Emirates,2002,
United Arab Emirates,2003,
United Arab Emirates,2004,
United Arab Emirates,2005,90.0
United Arab Emirates,2006,
United Arab Emirates,2007,
United Arab Emirates,2008,
United Arab Emirates,2009,
United Arab Emirates,2010,
United Arab Emirates,2011,
United Arab Emirates,2012,
United Arab Emirates,2013,
United Arab Emirates,2014,
United Arab Emirates,2015,
United Arab Emirates,2016,
United Arab Emirates,2017,
United Arab Emirates,2018,
United Arab Emirates,2019,98.0
United Arab Emirates,2020,
United Arab Emirates,2021,98.0
United Arab Emirates,2022,98.0
United Arab Emirates,2023,
United Kingdom,2000,
United Kingdom,2001,
United Kingdom,2002,
United Kingdom,2003,
United Kingdom,2004,
United Kingdom,2005,
United Kingdom,2006,
United Kingdom,2007,
United Kingdom,2008,
United Kingdom,2009,
United Kingdom,2010,
United Kingdom,2011,
United Kingdom,2012,
United Kingdom,2013,
United Kingdom,2014,
United Kingdom,2015,
United Kingdom,2016,
United Kingdom,2017,
United Kingdom,2018,
United Kingdom,2019,
United Kingdom,2020,
United Kingdom,2021,
United Kingdom,2022,
United Kingdom,2023,
United States,2000,
United States,2001,
United States,2002,
United States,2003,
United States,2004,
United States,2005,
United States,2006,
United States,2007,
United States,2008,
United States,2009,
United States,2010,
United States,2011,
United States,2012,
United States,2013,
United States,2014,
United States,2015,
United States,2016,
United States,2017,
United States,2018,
United States,2019,
United States,2020,
United States,2021,
United States,2022,
United States,2023,
Uruguay,2000,
Uruguay,2001,
Uruguay,2002,
Uruguay,2003,
Uruguay,2004,
Uruguay,2005,
Uruguay,2006,98.0
Uruguay,2007,98.0
Uruguay,2008,98.0
Uruguay,2009,98.0
Uruguay,2010,98.0
Uruguay,2011,98.0
Uruguay,2012,98.0
Uruguay,2013,98.0
Uruguay,2014,98.0
Uruguay,2015,99.0
Uruguay,2016,99.0
Uruguay,2017,99.0
Uruguay,2018,99.0
Uruguay,2019,99.0
Uruguay,2020,
Uruguay,2021,
Uruguay,2022,99.0
Uruguay,2023,
Uzbekistan,2000,99.0
Uzbekistan,2001,
Uzbekistan,2002,
Uzbekistan,2003,
Uzbekistan,2004,
Uzbekistan,2005,
Uzbekistan,2006,
Uzbekistan,2007,
Uzbekistan,2008,
Uzbekistan,2009,
Uzbekistan,2010,
Uzbekistan,2011,
Uzbekistan,2012,
Uzbekistan,2013,100.0
Uzbekistan,2014,100.0
Uzbekistan,2015,100.0
Uzbekistan,2016,100.0
Uzbekistan,2017,
Uzbekistan,2018,100.0
Uzbekistan,2019,100.0
Uzbekistan,2020,
Uzbekistan,2021,100.0
Uzbekistan,2022,100.0
Uzbekistan,2023,
"Venezuela, RB",2000,
"Venezuela, RB",2001,93.0
"Venezuela, RB",2002,
"Venezuela, RB",2003,
"Venezuela, RB",2004,
"Venezuela, RB",2005,
"Venezuela, RB",2006,
"Venezuela, RB",2007,95.0
"Venezuela, RB",2008,
"Venezuela, RB",2009,96.0
"Venezuela, RB",2010,
"Venezuela, RB",2011,95.0
"Venezuela, RB",2012,
"Venezuela, RB",2013,
"Venezuela, RB",2014,
"Venezuela, RB",2015,97.0
"Venezuela, RB",2016,97.0
"Venezuela, RB",2017,
"Venezuela, RB",2018,
"Venezuela, RB",2019,
"Venezuela, RB",2020,
"Venezuela, RB",2021,
"Venezuela, RB",2022,97.5999984741211
"Venezuela, RB",2023,
Zambia,2000,
Zambia,2001,
Zambia,2002,69.0
Zambia,2003,
Zambia,2004,
Zambia,2005,
Zambia,2006,
Zambia,2007,61.1270904541016
Zambia,2008,
Zambia,2009,
Zambia,2010,83.0
Zambia,2011,
Zambia,2012,
Zambia,2013,
Zambia,2014,
Zambia,2015,
Zambia,2016,
Zambia,2017,
Zambia,2018,71.1323013305664
Zambia,2019,
Zambia,2020,87.5
Zambia,2021,
Zambia,2022,
Zambia,2023,
Zimbabwe,2000,
Zimbabwe,2001,
Zimbabwe,2002,
Zimbabwe,2003,
Zimbabwe,2004,
Zimbabwe,2005,
Zimbabwe,2006,
Zimbabwe,2007,
Zimbabwe,2008,
Zimbabwe,2009,
Zimbabwe,2010,
Zimbabwe,2011,83.5827102661133
Zimbabwe,2012,
Zimbabwe,2013,
Zimbabwe,2014,88.6934204101562
Zimbabwe,2015,
Zimbabwe,2016,
Zimbabwe,2017,
Zimbabwe,2018,
Zimbabwe,2019,93.2275466918945
Zimbabwe,2020,
Zimbabwe,2021,
Zimbabwe,2022,89.8499984741211
Zimbabwe,2023,
