Series Name,Series Code,Country Name,Country Code,2000 [YR2000],2001 [YR2001],2002 [YR2002],2003 [YR2003],2004 [YR2004],2005 [YR2005],2006 [YR2006],2007 [YR2007],2008 [YR2008],2009 [YR2009],2010 [YR2010],2011 [YR2011],2012 [YR2012],2013 [YR2013],2014 [YR2014],2015 [YR2015],2016 [YR2016],2017 [YR2017],2018 [YR2018],2019 [YR2019],2020 [YR2020],2021 [YR2021],2022 [YR2022],2023 [YR2023]
"Literacy rate, adult total (% of people ages 15 and above)",SE.ADT.LITR.ZS,Afghanistan,AFG,..,..,..,..,..,..,..,..,..,..,..,31,..,..,..,33.7538414001465,..,..,..,..,..,37,..,..
"Literacy rate, adult total (% of people ages 15 and above)",SE.ADT.LITR.ZS,Albania,ALB,..,99,..,..,..,..,..,..,96,..,..,97,97,..,..,..,..,98.8162307739258,..,..,..,..,98.5,..
"Literacy rate, adult total (% of people ages 15 and above)",SE.ADT.LITR.ZS,Algeria,DZA,..,..,70,..,..,..,73,..,75,..,..,..,..,..,..,..,..,..,81.4078369140625,..,..,..,..,..
"Literacy rate, adult total (% of people ages 15 and above)",SE.ADT.LITR.ZS,American Samoa,ASM,..,..,..,..,..,..,..,..,..,..,..,..,..,..,..,..,..,..,..,..,..,..,..,..
"Literacy rate, adult total (% of people ages 15 and above)",SE.ADT.LITR.ZS,Andorra,AND,..,..,..,..,..,..,..,..,..,..,..,..,..,..,..,..,..,..,..,..,..,..,..,..
"Literacy rate, adult total (% of people ages 15 and above)",SE.ADT.LITR.ZS,Angola,AGO,..,67,..,..,..,..,..,..,..,..,..,..,..,..,66,66.2358627319336,..,..,..,..,..,..,72.4000015258789,..
"Literacy rate, adult total (% of people ages 15 and above)",SE.ADT.LITR.ZS,Antigua and Barbuda,ATG,..,99,..,..,..,..,..,..,..,..,..,..,..,..,..,..,..,..,..,..,..,..,..,..
"Literacy rate, adult total (% of people ages 15 and above)",SE.ADT.LITR.ZS,Argentina,ARG,..,97,..,..,..,..,..,..,..,..,..,..,..,..,..,..,..,..,..,..,..,..,..,..
"Literacy rate, adult total (% of people ages 15 and above)",SE.ADT.LITR.ZS,Armenia,ARM,..,99,..,..,..,..,..,..,..,..,..,100,..,..,..,..,100,100,..,..,100,..,..,..
"Literacy rate, adult total (% of people ages 15 and above)",SE.ADT.LITR.ZS,Aruba,ABW,97,..,..,..,..,..,..,..,..,..,97,..,..,..,..,..,..,..,..,..,97.9899978637695,..,..,..
"Literacy rate, adult total (% of people ages 15 and above)",SE.ADT.LITR.ZS,Australia,AUS,..,..,..,..,..,..,..,..,..,..,..,..,..,..,..,..,..,..,..,..,..,..,..,..
"Literacy rate, adult total (% of people ages 15 and above)",SE.ADT.LITR.ZS,Austria,AUT,..,..,..,..,..,..,..,..,..,..,..,..,..,..,..,..,..,..,..,..,..,..,..,..
"Literacy rate, adult total (% of people ages 15 and above)",SE.ADT.LITR.ZS,Azerbaijan,AZE,..,..,..,..,..,..,..,100,..,100,100,100,100,100,100,100,100,100,..,100,..,..,..,100
"Literacy rate, adult total (% of people ages 15 and above)",SE.ADT.LITR.ZS,"Bahamas, The",BHS,..,..,..,..,..,..,..,..,..,..,..,..,..,..,..,..,..,..,..,..,..,..,..,..
"Literacy rate, adult total (% of people ages 15 and above)",SE.ADT.LITR.ZS,Bahrain,BHR,..,87,..,..,..,..,..,..,..,..,..,92.3000030517578,..,..,..,..,..,..,..,..,..,..,98,98
"Literacy rate, adult total (% of people ages 15 and above)",SE.ADT.LITR.ZS,Bangladesh,BGD,..,47,..,..,..,..,..,46.6636009216309,..,..,..,59,58,61,61,65,73,73,74,75,75,76,..,..
"Literacy rate, adult total (% of people ages 15 and above)",SE.ADT.LITR.ZS,Barbados,BRB,..,..,..,..,..,..,..,..,..,..,..,..,..,..,..,..,..,..,..,..,..,..,..,..
"Literacy rate, adult total (% of people ages 15 and above)",SE.ADT.LITR.ZS,Belarus,BLR,..,..,..,..,..,..,..,..,..,100,..,..,..,..,..,..,..,..,..,100,..,..,..,..
"Literacy rate, adult total (% of people ages 15 and above)",SE.ADT.LITR.ZS,Belgium,BEL,..,..,..,..,..,..,..,..,..,..,..,..,..,..,..,..,..,..,..,..,..,..,..,..
"Literacy rate, adult total (% of people ages 15 and above)",SE.ADT.LITR.ZS,Belize,BLZ,..,80.9000015258789,..,..,..,..,..,..,..,..,..,..,..,..,..,90.9160385131836,..,..,..,..,..,..,..,..
"Literacy rate, adult total (% of people ages 15 and above)",SE.ADT.LITR.ZS,Benin,BEN,..,..,35,..,..,..,28.7021102905273,..,..,..,..,..,32.9488182067871,..,..,..,..,38.871208190918,..,..,..,43.834171295166,47.0999984741211,..
"Literacy rate, adult total (% of people ages 15 and above)",SE.ADT.LITR.ZS,Bermuda,BMU,..,..,..,..,..,..,..,..,..,..,..,..,..,..,..,..,..,..,..,..,..,..,..,..
"Literacy rate, adult total (% of people ages 15 and above)",SE.ADT.LITR.ZS,Bhutan,BTN,..,..,..,..,..,53,..,..,..,..,..,..,55,..,..,..,..,67,..,..,..,..,72.0999984741211,..
"Literacy rate, adult total (% of people ages 15 and above)",SE.ADT.LITR.ZS,Bolivia,BOL,..,87,..,..,..,..,..,91,91,91,..,92,94,..,..,92,..,..,..,..,94,..,..,..
"Literacy rate, adult total (% of people ages 15 and above)",SE.ADT.LITR.ZS,Bosnia and Herzegovina,BIH,97,..,..,..,..,..,..,..,..,..,..,98.1420364379883,..,97,..,..,..,..,..,..,..,..,98.3000030517578,..
"Literacy rate, adult total (% of people ages 15 and above)",SE.ADT.LITR.ZS,Botswana,BWA,..,..,..,81,..,..,..,..,..,..,..,..,..,86.8231811523438,..,..,..,..,..,..,..,..,..,..
"Literacy rate, adult total (% of people ages 15 and above)",SE.ADT.LITR.ZS,Brazil,BRA,86,..,..,..,89,..,90,90,90,90,90,91,91,91,92,92,93,93,93,..,..,..,94.6900024414062,..
"Literacy rate, adult total (% of people ages 15 and above)",SE.ADT.LITR.ZS,British Virgin Islands,VGB,..,..,..,..,..,..,..,..,..,..,..,..,..,..,..,..,..,..,..,..,..,..,..,..
"Literacy rate, adult total (% of people ages 15 and above)",SE.ADT.LITR.ZS,Brunei Darussalam,BRN,..,93,..,..,..,..,..,..,..,..,..,96,..,..,..,..,..,..,..,..,..,97.5899963378906,..,..
"Literacy rate, adult total (% of people ages 15 and above)",SE.ADT.LITR.ZS,Bulgaria,BGR,..,98,..,..,..,..,..,..,..,..,..,98,..,..,..,..,..,..,..,..,..,98.4199981689453,..,..
"Literacy rate, adult total (% of people ages 15 and above)",SE.ADT.LITR.ZS,Burkina Faso,BFA,..,..,..,22,..,24,22,28,..,..,..,..,..,..,35,..,..,..,39,30,..,36.9673805236816,34.4900016784668,..
"Literacy rate, adult total (% of people ages 15 and above)",SE.ADT.LITR.ZS,Burundi,BDI,59,..,..,..,..,..,..,..,48,..,..,..,..,..,62,..,65.6877365112305,68,..,..,..,..,75.5400009155273,..
"Literacy rate, adult total (% of people ages 15 and above)",SE.ADT.LITR.ZS,Cabo Verde,CPV,76.1104431152344,..,..,..,..,..,..,..,..,..,..,..,85,..,..,87,..,..,..,..,..,..,91,..
"Literacy rate, adult total (% of people ages 15 and above)",SE.ADT.LITR.ZS,Cambodia,KHM,..,..,..,..,74,..,..,..,77,76,..,..,..,..,78,81,..,..,..,..,..,71.9272537231445,83.7799987792969,..
"Literacy rate, adult total (% of people ages 15 and above)",SE.ADT.LITR.ZS,Cameroon,CMR,68,..,..,..,..,..,..,71,..,..,71,..,..,..,..,..,..,..,72.5471267700195,..,78.2300033569336,..,..,..
"Literacy rate, adult total (% of people ages 15 and above)",SE.ADT.LITR.ZS,Canada,CAN,..,..,..,..,..,..,..,..,..,..,..,..,..,..,..,..,..,..,..,..,..,..,..,..
"Literacy rate, adult total (% of people ages 15 and above)",SE.ADT.LITR.ZS,Cayman Islands,CYM,..,..,..,..,..,..,..,99,..,..,..,..,..,..,..,..,..,99,..,..,..,..,..,..
"Literacy rate, adult total (% of people ages 15 and above)",SE.ADT.LITR.ZS,Central African Republic,CAF,51,..,..,..,..,..,..,..,..,..,36.7526092529297,..,..,..,..,..,..,..,37,42.4427909851074,37.4900016784668,..,..,..
"Literacy rate, adult total (% of people ages 15 and above)",SE.ADT.LITR.ZS,Chad,TCD,26,..,..,..,28,..,..,..,..,..,..,..,..,..,..,26.0029907226562,22,..,..,30.6279201507568,..,..,27.2800006866455,..
"Literacy rate, adult total (% of people ages 15 and above)",SE.ADT.LITR.ZS,Channel Islands,CHI,..,..,..,..,..,..,..,..,..,..,..,..,..,..,..,..,..,..,..,..,..,..,..,..
"Literacy rate, adult total (% of people ages 15 and above)",SE.ADT.LITR.ZS,Chile,CHL,..,..,96,..,..,..,..,..,..,..,..,97,..,96,..,97,..,96,..,..,..,..,97.1600036621094,..
"Literacy rate, adult total (% of people ages 15 and above)",SE.ADT.LITR.ZS,China,CHN,91,..,..,..,..,..,..,..,..,..,95,..,..,..,..,..,..,..,..,..,97,..,..,..
"Literacy rate, adult total (% of people ages 15 and above)",SE.ADT.LITR.ZS,Colombia,COL,..,..,..,..,93,93,92,93,93,93,93,94,..,..,94,94,95,..,95,95,96,..,..,..
"Literacy rate, adult total (% of people ages 15 and above)",SE.ADT.LITR.ZS,Comoros,COM,68,..,..,..,..,..,..,..,..,..,..,..,49.1961402893066,..,..,..,..,..,..,..,..,..,61.7099990844727,..
"Literacy rate, adult total (% of people ages 15 and above)",SE.ADT.LITR.ZS,"Congo, Dem. Rep.",COD,..,67,..,..,..,..,..,61.2055511474609,..,..,..,..,75,..,..,..,77,..,73.5530319213867,..,..,..,80.5400009155273,..
"Literacy rate, adult total (% of people ages 15 and above)",SE.ADT.LITR.ZS,"Congo, Rep.",COG,..,..,..,..,..,76,..,..,..,..,..,79.3111724853516,..,..,..,..,..,..,..,..,..,80.6100006103516,..,..
"Literacy rate, adult total (% of people ages 15 and above)",SE.ADT.LITR.ZS,Costa Rica,CRI,95,..,..,..,..,..,..,..,..,..,..,97,..,..,..,..,..,..,..,..,..,98.0400009155273,..,..
"Literacy rate, adult total (% of people ages 15 and above)",SE.ADT.LITR.ZS,Cote d'Ivoire,CIV,49,..,..,..,..,..,..,..,..,..,..,..,40.9816284179688,..,44,..,50.039680480957,..,..,90,..,50.0006408691406,..,..
"Literacy rate, adult total (% of people ages 15 and above)",SE.ADT.LITR.ZS,Croatia,HRV,..,98,..,..,..,..,..,..,..,..,..,..,..,..,..,..,..,..,..,..,..,99.4499969482422,..,..
"Literacy rate, adult total (% of people ages 15 and above)",SE.ADT.LITR.ZS,Cuba,CUB,..,..,100,..,..,..,..,..,..,..,..,..,100,..,..,..,..,..,..,97.6549072265625,..,99.6731109619141,..,..
"Literacy rate, adult total (% of people ages 15 and above)",SE.ADT.LITR.ZS,Curacao,CUW,..,..,..,..,..,..,..,..,..,..,..,..,..,..,..,..,..,..,..,..,..,..,..,..
"Literacy rate, adult total (% of people ages 15 and above)",SE.ADT.LITR.ZS,Cyprus,CYP,..,97,..,..,..,..,..,..,..,..,..,99,..,..,..,..,..,..,..,..,..,99.3600006103516,..,..
"Literacy rate, adult total (% of people ages 15 and above)",SE.ADT.LITR.ZS,Czechia,CZE,..,..,..,..,..,..,..,..,..,..,..,..,..,..,..,..,..,..,..,..,..,..,..,..
"Literacy rate, adult total (% of people ages 15 and above)",SE.ADT.LITR.ZS,Denmark,DNK,..,..,..,..,..,..,..,..,..,..,..,..,..,..,..,..,..,..,..,..,..,..,..,..
"Literacy rate, adult total (% of people ages 15 and above)",SE.ADT.LITR.ZS,Djibouti,DJI,..,..,..,..,..,..,..,..,..,..,..,..,..,..,..,..,..,..,..,..,..,..,..,..
"Literacy rate, adult total (% of people ages 15 and above)",SE.ADT.LITR.ZS,Dominica,DMA,..,..,..,..,..,..,..,..,..,..,..,..,..,..,..,..,..,..,..,..,..,..,..,..
"Literacy rate, adult total (% of people ages 15 and above)",SE.ADT.LITR.ZS,Dominican Republic,DOM,..,..,87,..,..,..,..,88,..,..,90,90,90,91,92,92,94,..,..,..,..,..,95.5,..
"Literacy rate, adult total (% of people ages 15 and above)",SE.ADT.LITR.ZS,Ecuador,ECU,..,91,..,..,..,..,..,92,92,92,92,92,92,93,94,94,94,93,..,..,94,94,94,..
"Literacy rate, adult total (% of people ages 15 and above)",SE.ADT.LITR.ZS,"Egypt, Arab Rep.",EGY,..,..,..,..,..,67,66,..,..,..,72,..,74,72,..,..,..,71,..,..,..,..,74.5,..
"Literacy rate, adult total (% of people ages 15 and above)",SE.ADT.LITR.ZS,El Salvador,SLV,..,..,..,..,..,..,84,82,84,84,84,85,..,87,..,88,88,88,89,89,90,..,..,90
"Literacy rate, adult total (% of people ages 15 and above)",SE.ADT.LITR.ZS,Equatorial Guinea,GNQ,88,..,..,..,..,..,..,..,..,..,94.3705368041992,..,..,..,..,..,..,..,..,..,..,..,..,..
"Literacy rate, adult total (% of people ages 15 and above)",SE.ADT.LITR.ZS,Eritrea,ERI,..,..,53,..,..,..,..,..,65,..,..,..,..,..,..,..,..,..,76.5705184936523,..,..,..,..,..
"Literacy rate, adult total (% of people ages 15 and above)",SE.ADT.LITR.ZS,Estonia,EST,100,..,..,..,..,..,..,..,..,..,..,100,..,..,..,..,..,..,..,..,..,99.870002746582,..,..
"Literacy rate, adult total (% of people ages 15 and above)",SE.ADT.LITR.ZS,Eswatini,SWZ,82,..,..,..,..,..,..,..,..,..,83.0982894897461,..,..,..,..,..,..,..,..,..,89.2799987792969,..,90.7470169067383,..
"Literacy rate, adult total (% of people ages 15 and above)",SE.ADT.LITR.ZS,Ethiopia,ETH,..,..,..,..,35.9000015258789,29.8203392028809,..,39,..,..,..,..,..,..,..,..,47.4915885925293,51.7711791992188,..,..,..,..,..,..
"Literacy rate, adult total (% of people ages 15 and above)",SE.ADT.LITR.ZS,Faroe Islands,FRO,..,..,..,..,..,..,..,..,..,..,..,..,..,..,..,..,..,..,..,..,..,..,..,..
"Literacy rate, adult total (% of people ages 15 and above)",SE.ADT.LITR.ZS,Fiji,FJI,..,..,..,..,..,..,..,..,..,..,..,..,..,..,..,..,..,..,..,..,..,..,..,..
"Literacy rate, adult total (% of people ages 15 and above)",SE.ADT.LITR.ZS,Finland,FIN,..,..,..,..,..,..,..,..,..,..,..,..,..,..,..,..,..,..,..,..,..,..,..,..
"Literacy rate, adult total (% of people ages 15 and above)",SE.ADT.LITR.ZS,France,FRA,..,..,..,..,..,..,..,..,..,..,..,..,..,..,..,..,..,..,..,..,..,..,..,..
"Literacy rate, adult total (% of people ages 15 and above)",SE.ADT.LITR.ZS,French Polynesia,PYF,..,..,..,..,..,..,..,..,..,..,..,..,..,..,..,..,..,..,..,..,..,..,..,..
"Literacy rate, adult total (% of people ages 15 and above)",SE.ADT.LITR.ZS,Gabon,GAB,..,..,..,..,..,..,..,..,..,..,..,..,82.2837982177734,..,..,..,..,..,..,..,..,88.8583374023438,85.6900024414062,..
"Literacy rate, adult total (% of people ages 15 and above)",SE.ADT.LITR.ZS,"Gambia, The",GMB,37,..,..,..,..,..,..,..,..,..,..,..,..,41.9500503540039,..,51,..,..,53.1601982116699,..,..,51.6374015808105,58.6699981689453,..
"Literacy rate, adult total (% of people ages 15 and above)",SE.ADT.LITR.ZS,Georgia,GEO,..,..,100,..,..,..,..,..,..,..,..,..,..,..,100,..,..,99,99.6536636352539,..,..,..,100,..
"Literacy rate, adult total (% of people ages 15 and above)",SE.ADT.LITR.ZS,Germany,DEU,..,..,..,..,..,..,..,..,..,..,..,..,..,..,..,..,..,..,..,..,..,..,..,..
"Literacy rate, adult total (% of people ages 15 and above)",SE.ADT.LITR.ZS,Ghana,GHA,58,..,..,..,..,..,..,..,..,..,71,..,..,..,..,..,..,64.4923934936523,..,..,80.379997253418,..,..,..
"Literacy rate, adult total (% of people ages 15 and above)",SE.ADT.LITR.ZS,Gibraltar,GIB,..,..,..,..,..,..,..,..,..,..,..,..,..,..,..,..,..,..,..,..,..,..,..,..
"Literacy rate, adult total (% of people ages 15 and above)",SE.ADT.LITR.ZS,Greece,GRC,..,96,..,..,..,..,..,..,..,94,..,..,..,..,..,..,..,..,..,..,..,..,..,..
"Literacy rate, adult total (% of people ages 15 and above)",SE.ADT.LITR.ZS,Greenland,GRL,..,..,..,..,..,..,..,..,..,..,..,..,..,..,..,..,..,..,..,..,..,..,..,..
"Literacy rate, adult total (% of people ages 15 and above)",SE.ADT.LITR.ZS,Grenada,GRD,..,..,..,..,..,..,..,..,..,..,..,..,..,..,..,..,..,..,..,..,..,..,..,..
"Literacy rate, adult total (% of people ages 15 and above)",SE.ADT.LITR.ZS,Guam,GUM,99.5599975585938,..,..,..,..,..,..,..,..,..,..,..,..,..,..,..,..,..,..,..,..,..,..,..
"Literacy rate, adult total (% of people ages 15 and above)",SE.ADT.LITR.ZS,Guatemala,GTM,..,..,69,..,..,..,..,..,..,..,..,..,78,77,81,80.1950912475586,..,..,81,..,..,..,83.0311737060547,..
"Literacy rate, adult total (% of people ages 15 and above)",SE.ADT.LITR.ZS,Guinea,GIN,..,..,..,30,..,..,..,..,..,..,25,..,..,..,32,..,..,..,40,..,..,45.3300018310547,..,..
"Literacy rate, adult total (% of people ages 15 and above)",SE.ADT.LITR.ZS,Guinea-Bissau,GNB,41,..,..,..,..,..,..,..,..,..,..,..,..,..,45.5811614990234,..,..,..,..,54.8823204040527,..,..,53.9000015258789,..
"Literacy rate, adult total (% of people ages 15 and above)",SE.ADT.LITR.ZS,Guyana,GUY,..,..,..,..,..,..,..,..,..,84.994010925293,..,..,..,..,85.6397323608398,..,..,..,..,..,85.6383514404297,..,90.0299987792969,..
"Literacy rate, adult total (% of people ages 15 and above)",SE.ADT.LITR.ZS,Haiti,HTI,..,..,..,59,..,..,48.6850204467773,..,..,..,..,..,..,..,..,..,61.691349029541,68.0098571777344,..,..,..,..,..,..
"Literacy rate, adult total (% of people ages 15 and above)",SE.ADT.LITR.ZS,Honduras,HND,..,80,..,..,..,..,..,84,..,..,85,85,85,85,87,88,89,..,87,89,..,..,..,..
"Literacy rate, adult total (% of people ages 15 and above)",SE.ADT.LITR.ZS,"Hong Kong SAR, China",HKG,..,..,..,..,..,..,..,..,..,..,..,..,..,..,..,..,..,..,..,..,..,..,..,..
"Literacy rate, adult total (% of people ages 15 and above)",SE.ADT.LITR.ZS,Hungary,HUN,..,..,..,..,..,..,..,..,..,..,..,..,..,..,..,..,..,..,..,..,..,99.0999984741211,..,..
"Literacy rate, adult total (% of people ages 15 and above)",SE.ADT.LITR.ZS,Iceland,ISL,..,..,..,..,..,..,..,..,..,..,..,..,..,..,..,..,..,..,..,..,..,..,..,..
"Literacy rate, adult total (% of people ages 15 and above)",SE.ADT.LITR.ZS,India,IND,..,61,..,..,..,..,63,..,..,..,..,69,..,..,..,..,..,..,..,..,..,..,76,77
"Literacy rate, adult total (% of people ages 15 and above)",SE.ADT.LITR.ZS,Indonesia,IDN,..,..,..,..,90,..,92,..,92,93,..,93,..,..,95,95,95,..,96,..,96,..,..,..
"Literacy rate, adult total (% of people ages 15 and above)",SE.ADT.LITR.ZS,"Iran, Islamic Rep.",IRN,..,..,77,..,..,82,82,..,83,..,..,..,84,85,85,..,86,..,..,..,..,..,88.9599990844727,..
"Literacy rate, adult total (% of people ages 15 and above)",SE.ADT.LITR.ZS,Iraq,IRQ,74,..,..,..,..,..,..,..,..,..,..,..,77,..,82,..,83,86,..,..,..,..,..,..
"Literacy rate, adult total (% of people ages 15 and above)",SE.ADT.LITR.ZS,Ireland,IRL,..,..,..,..,..,..,..,..,..,..,..,..,..,..,..,..,..,..,..,..,..,..,..,..
"Literacy rate, adult total (% of people ages 15 and above)",SE.ADT.LITR.ZS,Isle of Man,IMN,..,..,..,..,..,..,..,..,..,..,..,..,..,..,..,..,..,..,..,..,..,..,..,..
"Literacy rate, adult total (% of people ages 15 and above)",SE.ADT.LITR.ZS,Israel,ISR,..,..,..,..,..,..,..,..,..,..,..,..,..,..,..,..,..,..,..,..,..,..,..,..
"Literacy rate, adult total (% of people ages 15 and above)",SE.ADT.LITR.ZS,Italy,ITA,..,98,..,..,..,..,..,..,..,..,..,99,..,..,..,..,..,..,..,99,..,..,..,..
"Literacy rate, adult total (% of people ages 15 and above)",SE.ADT.LITR.ZS,Jamaica,JAM,..,..,..,..,..,..,..,..,..,..,..,..,..,..,..,..,..,..,..,..,..,..,..,..
"Literacy rate, adult total (% of people ages 15 and above)",SE.ADT.LITR.ZS,Japan,JPN,..,..,..,..,..,..,..,..,..,..,..,..,..,..,..,..,..,..,..,..,..,..,..,..
"Literacy rate, adult total (% of people ages 15 and above)",SE.ADT.LITR.ZS,Jordan,JOR,..,..,..,90,..,91,..,92,..,..,93,96,98,..,..,..,..,..,95.4314498901367,..,..,..,..,95
"Literacy rate, adult total (% of people ages 15 and above)",SE.ADT.LITR.ZS,Kazakhstan,KAZ,..,..,..,..,..,..,..,..,..,100,99.7816314697266,..,..,..,..,..,..,..,..,..,99.8000030517578,..,..,..
"Literacy rate, adult total (% of people ages 15 and above)",SE.ADT.LITR.ZS,Kenya,KEN,82,..,..,..,..,..,..,72.1570281982422,..,..,..,..,..,..,78.733039855957,..,..,..,..,..,..,..,82.879997253418,..
"Literacy rate, adult total (% of people ages 15 and above)",SE.ADT.LITR.ZS,Kiribati,KIR,..,..,..,..,..,..,..,..,..,..,..,..,..,..,..,..,..,..,97.9597091674805,..,..,..,..,..
"Literacy rate, adult total (% of people ages 15 and above)",SE.ADT.LITR.ZS,"Korea, Dem. People's Rep.",PRK,..,..,..,..,..,..,..,..,100,..,..,..,..,..,..,..,..,..,99.9981918334961,..,..,..,..,..
"Literacy rate, adult total (% of people ages 15 and above)",SE.ADT.LITR.ZS,"Korea, Rep.",KOR,..,..,..,..,..,..,..,..,98,..,..,..,..,..,..,..,..,..,98.8000030517578,..,..,..,..,..
"Literacy rate, adult total (% of people ages 15 and above)",SE.ADT.LITR.ZS,Kosovo,XKX,..,..,..,..,..,..,..,..,..,..,..,..,..,..,..,..,..,..,..,..,..,..,..,..
"Literacy rate, adult total (% of people ages 15 and above)",SE.ADT.LITR.ZS,Kuwait,KWT,..,..,..,..,..,93,93,94,94,..,94,..,96,96,..,96,..,96,96,..,96,..,..,..
"Literacy rate, adult total (% of people ages 15 and above)",SE.ADT.LITR.ZS,Kyrgyz Republic,KGZ,..,..,..,..,..,..,..,..,..,99,..,..,..,..,..,..,..,..,..,99.5999984741211,..,..,..,..
"Literacy rate, adult total (% of people ages 15 and above)",SE.ADT.LITR.ZS,Lao PDR,LAO,70,69,..,..,..,73,..,..,..,..,..,58.2879409790039,..,..,..,85,..,..,..,..,..,..,87.5199966430664,..
"Literacy rate, adult total (% of people ages 15 and above)",SE.ADT.LITR.ZS,Latvia,LVA,100,..,..,..,..,..,..,..,..,..,..,100,..,..,..,..,..,..,..,..,..,99.8899993896484,..,..
"Literacy rate, adult total (% of people ages 15 and above)",SE.ADT.LITR.ZS,Lebanon,LBN,..,..,..,..,..,..,..,90,..,91,..,..,..,..,..,..,..,..,93,..,..,..,..,..
"Literacy rate, adult total (% of people ages 15 and above)",SE.ADT.LITR.ZS,Lesotho,LSO,86,..,..,..,..,..,..,..,..,75.8002014160156,..,..,..,..,76.6352005004883,..,..,..,86.2408676147461,..,..,..,82.0100021362305,..
"Literacy rate, adult total (% of people ages 15 and above)",SE.ADT.LITR.ZS,Liberia,LBR,..,..,..,..,..,..,..,42.9410781860352,..,..,..,..,..,..,..,..,..,48.3013610839844,..,..,..,..,..,..
"Literacy rate, adult total (% of people ages 15 and above)",SE.ADT.LITR.ZS,Libya,LBY,..,..,..,..,..,..,..,..,..,..,..,..,..,..,..,..,..,..,..,..,..,..,..,..
"Literacy rate, adult total (% of people ages 15 and above)",SE.ADT.LITR.ZS,Liechtenstein,LIE,..,..,..,..,..,..,..,..,..,..,..,..,..,..,..,..,..,..,..,..,..,..,..,..
"Literacy rate, adult total (% of people ages 15 and above)",SE.ADT.LITR.ZS,Lithuania,LTU,..,100,..,..,..,..,..,..,..,..,..,100,..,..,..,..,..,..,..,..,..,99.8300018310547,..,..
"Literacy rate, adult total (% of people ages 15 and above)",SE.ADT.LITR.ZS,Luxembourg,LUX,..,..,..,..,..,..,..,..,..,..,..,..,..,..,..,..,..,..,..,..,..,..,..,..
"Literacy rate, adult total (% of people ages 15 and above)",SE.ADT.LITR.ZS,"Macao SAR, China",MAC,..,91,..,..,..,..,93,..,..,..,..,96,..,..,..,..,97,..,..,..,..,97.1100006103516,..,..
"Literacy rate, adult total (% of people ages 15 and above)",SE.ADT.LITR.ZS,Madagascar,MDG,71,..,..,..,..,59,..,..,..,64.4809112548828,..,..,72,..,..,..,..,..,77,..,..,74.6861419677734,77.4800033569336,..
"Literacy rate, adult total (% of people ages 15 and above)",SE.ADT.LITR.ZS,Malawi,MWI,..,..,..,..,..,..,..,..,..,..,61.3097190856934,..,..,..,65.1453704833984,62.1435394287109,..,..,..,..,70.1522674560547,..,68.0800018310547,..
"Literacy rate, adult total (% of people ages 15 and above)",SE.ADT.LITR.ZS,Malaysia,MYS,..,..,..,..,..,..,..,..,..,..,93,..,..,..,..,..,95,95,95,95,..,..,96,..
"Literacy rate, adult total (% of people ages 15 and above)",SE.ADT.LITR.ZS,Maldives,MDV,96,..,..,..,..,..,98,..,..,..,..,..,..,..,99,..,98,94.5055084228516,..,98.2118606567383,..,97.8600006103516,..,..
"Literacy rate, adult total (% of people ages 15 and above)",SE.ADT.LITR.ZS,Mali,MLI,..,..,..,24,..,..,26,..,..,..,31,31,..,..,..,33,..,..,35,..,31,..,..,..
"Literacy rate, adult total (% of people ages 15 and above)",SE.ADT.LITR.ZS,Malta,MLT,..,..,..,..,..,92,..,..,..,..,..,93,..,..,..,..,..,..,..,..,..,94.9400024414062,..,..
"Literacy rate, adult total (% of people ages 15 and above)",SE.ADT.LITR.ZS,Marshall Islands,MHL,..,..,..,..,..,..,..,..,..,..,..,98,..,..,..,..,..,..,..,..,..,..,..,..
"Literacy rate, adult total (% of people ages 15 and above)",SE.ADT.LITR.ZS,Mauritania,MRT,51,..,..,..,..,..,..,45.5037803649902,..,..,..,..,..,62,..,65.1120223999023,..,..,..,..,59.5296592712402,66.9599990844727,..,..
"Literacy rate, adult total (% of people ages 15 and above)",SE.ADT.LITR.ZS,Mauritius,MUS,84,..,..,..,..,..,..,..,..,..,..,89,92,91,92,93,93,..,..,..,..,92.1500015258789,..,..
"Literacy rate, adult total (% of people ages 15 and above)",SE.ADT.LITR.ZS,Mexico,MEX,91,..,90,..,91,92,92,93,93,93,93,94,94,94,95,94,95,95,95,..,95,..,..,..
"Literacy rate, adult total (% of people ages 15 and above)",SE.ADT.LITR.ZS,"Micronesia, Fed. Sts.",FSM,..,..,..,..,..,..,..,..,..,..,..,..,..,..,..,..,..,..,..,..,..,..,..,..
"Literacy rate, adult total (% of people ages 15 and above)",SE.ADT.LITR.ZS,Moldova,MDA,97,..,..,..,..,..,..,..,..,..,..,..,..,..,99,..,..,..,..,..,..,99.5999984741211,..,..
"Literacy rate, adult total (% of people ages 15 and above)",SE.ADT.LITR.ZS,Monaco,MCO,..,..,..,..,..,..,..,..,..,..,..,..,..,..,..,..,..,..,..,..,..,..,..,..
"Literacy rate, adult total (% of people ages 15 and above)",SE.ADT.LITR.ZS,Mongolia,MNG,98,..,..,..,..,..,..,..,..,..,98,..,..,..,..,..,..,..,96.8963470458984,..,99,..,..,..
"Literacy rate, adult total (% of people ages 15 and above)",SE.ADT.LITR.ZS,Montenegro,MNE,..,..,..,98,..,..,..,..,..,..,..,98,..,..,..,..,..,..,98.5344009399414,..,..,98.9800033569336,..,..
"Literacy rate, adult total (% of people ages 15 and above)",SE.ADT.LITR.ZS,Morocco,MAR,..,..,..,..,52,..,..,..,55,56,..,67,69,..,76,..,..,..,..,..,..,..,77.3499984741211,..
"Literacy rate, adult total (% of people ages 15 and above)",SE.ADT.LITR.ZS,Mozambique,MOZ,..,..,..,48,..,..,..,..,..,51,..,..,..,..,..,56,..,61,..,..,60,..,..,..
"Literacy rate, adult total (% of people ages 15 and above)",SE.ADT.LITR.ZS,Myanmar,MMR,90,..,..,..,..,..,..,..,..,..,..,..,..,..,..,..,75.5512008666992,..,..,89,..,..,..,..
"Literacy rate, adult total (% of people ages 15 and above)",SE.ADT.LITR.ZS,Namibia,NAM,..,85,..,..,..,..,..,76.4865875244141,..,..,..,88,..,..,..,..,..,..,..,..,..,92.25,..,..
"Literacy rate, adult total (% of people ages 15 and above)",SE.ADT.LITR.ZS,Nauru,NRU,..,..,..,..,..,..,..,..,..,..,..,..,..,..,..,..,..,..,..,..,..,..,..,..
"Literacy rate, adult total (% of people ages 15 and above)",SE.ADT.LITR.ZS,Nepal,NPL,..,49,..,..,..,..,..,..,..,..,..,60,..,..,..,..,65.5010070800781,..,..,68.7125015258789,..,71.1500015258789,..,..
"Literacy rate, adult total (% of people ages 15 and above)",SE.ADT.LITR.ZS,Netherlands,NLD,..,..,..,..,..,..,..,..,..,..,..,..,..,..,..,..,..,..,..,..,..,..,..,..
"Literacy rate, adult total (% of people ages 15 and above)",SE.ADT.LITR.ZS,New Caledonia,NCL,..,..,..,..,..,..,97.3000030517578,..,..,..,..,..,..,..,..,..,..,..,..,..,..,..,..,..
"Literacy rate, adult total (% of people ages 15 and above)",SE.ADT.LITR.ZS,New Zealand,NZL,..,..,..,..,..,..,..,..,..,..,..,..,..,..,..,..,..,..,..,..,..,..,..,..
"Literacy rate, adult total (% of people ages 15 and above)",SE.ADT.LITR.ZS,Nicaragua,NIC,..,77,..,..,..,78,..,..,..,..,..,..,..,..,..,82.6145477294922,..,..,..,..,..,..,..,..
"Literacy rate, adult total (% of people ages 15 and above)",SE.ADT.LITR.ZS,Niger,NER,..,14,..,..,..,29,..,..,..,..,..,..,31,..,..,..,..,..,..,..,..,..,38.0999984741211,..
"Literacy rate, adult total (% of people ages 15 and above)",SE.ADT.LITR.ZS,Nigeria,NGA,..,..,..,55,..,..,70,..,51.0776596069336,..,..,..,..,..,..,..,58.2213401794434,..,62.0160102844238,..,..,63.1555404663086,..,..
"Literacy rate, adult total (% of people ages 15 and above)",SE.ADT.LITR.ZS,North Macedonia,MKD,..,..,96,..,..,..,..,..,..,..,..,..,97.5999984741211,..,..,..,..,..,..,..,..,..,..,..
"Literacy rate, adult total (% of people ages 15 and above)",SE.ADT.LITR.ZS,Northern Mariana Islands,MNP,..,..,..,..,..,..,..,..,..,..,..,..,..,..,..,..,..,..,..,..,..,..,..,..
"Literacy rate, adult total (% of people ages 15 and above)",SE.ADT.LITR.ZS,Norway,NOR,..,..,..,..,..,..,..,..,..,..,..,..,..,..,..,..,..,..,..,..,..,..,..,..
"Literacy rate, adult total (% of people ages 15 and above)",SE.ADT.LITR.ZS,Oman,OMN,..,..,..,81,..,..,..,..,87,..,87,..,..,..,..,93,..,96,96,..,..,..,97,..
"Literacy rate, adult total (% of people ages 15 and above)",SE.ADT.LITR.ZS,Pakistan,PAK,..,..,..,..,..,50,54,52,56,55,55,55,57,56,57,..,..,59,57,58,..,..,..,..
"Literacy rate, adult total (% of people ages 15 and above)",SE.ADT.LITR.ZS,Palau,PLW,..,..,..,..,..,..,..,..,..,..,..,..,..,100,..,97,..,..,..,..,..,..,..,..
"Literacy rate, adult total (% of people ages 15 and above)",SE.ADT.LITR.ZS,Panama,PAN,92,..,..,..,..,..,..,..,..,..,94,..,..,..,..,..,..,..,95,96,..,..,..,..
"Literacy rate, adult total (% of people ages 15 and above)",SE.ADT.LITR.ZS,Papua New Guinea,PNG,57,..,..,..,..,..,..,..,..,..,61.5999984741211,..,..,..,..,..,..,70.0636825561523,..,..,..,..,..,..
"Literacy rate, adult total (% of people ages 15 and above)",SE.ADT.LITR.ZS,Paraguay,PRY,..,..,..,..,..,..,..,95,93,94,94,..,94,95,95,96,95,..,94,93,95,..,..,..
"Literacy rate, adult total (% of people ages 15 and above)",SE.ADT.LITR.ZS,Peru,PER,..,..,..,..,88,88,89,90,..,..,..,..,94,..,94,94,94,94,94,..,94,..,..,..
"Literacy rate, adult total (% of people ages 15 and above)",SE.ADT.LITR.ZS,Philippines,PHL,93,..,..,93,..,..,..,..,95,..,..,..,..,96,..,98,..,..,..,96,98,..,..,..
"Literacy rate, adult total (% of people ages 15 and above)",SE.ADT.LITR.ZS,Poland,POL,..,..,..,..,..,..,..,..,..,..,..,..,..,..,..,..,..,..,..,..,..,99.8000030517578,..,..
"Literacy rate, adult total (% of people ages 15 and above)",SE.ADT.LITR.ZS,Portugal,PRT,..,..,..,..,..,..,..,..,..,..,..,94,..,..,..,..,..,..,..,..,..,96.7799987792969,..,..
"Literacy rate, adult total (% of people ages 15 and above)",SE.ADT.LITR.ZS,Puerto Rico,PRI,..,..,..,..,..,..,..,..,..,..,92,..,..,..,..,..,..,92,..,..,..,92.4000015258789,..,..
"Literacy rate, adult total (% of people ages 15 and above)",SE.ADT.LITR.ZS,Qatar,QAT,..,..,..,..,89,..,..,93,94,95,96,96,97,97,98,..,..,..,..,..,..,..,..,..
"Literacy rate, adult total (% of people ages 15 and above)",SE.ADT.LITR.ZS,Romania,ROU,..,..,97,..,..,..,..,..,..,..,..,99,..,..,..,..,..,..,..,..,..,99,..,..
"Literacy rate, adult total (% of people ages 15 and above)",SE.ADT.LITR.ZS,Russian Federation,RUS,..,..,99,..,..,..,..,..,..,..,100,..,..,..,..,..,..,..,..,..,..,100,..,..
"Literacy rate, adult total (% of people ages 15 and above)",SE.ADT.LITR.ZS,Rwanda,RWA,65,..,..,..,..,..,..,..,..,..,65.8522720336914,..,68,..,71,..,..,..,73,..,80.0508575439453,..,79,..
"Literacy rate, adult total (% of people ages 15 and above)",SE.ADT.LITR.ZS,Samoa,WSM,..,..,..,..,..,..,..,..,..,..,..,99,..,..,..,..,..,..,..,97.9902572631836,..,99.0999984741211,..,..
"Literacy rate, adult total (% of people ages 15 and above)",SE.ADT.LITR.ZS,San Marino,SMR,..,..,..,..,..,..,..,..,..,..,..,..,..,..,..,..,..,..,..,..,..,..,100,..
"Literacy rate, adult total (% of people ages 15 and above)",SE.ADT.LITR.ZS,Sao Tome and Principe,STP,..,85,..,..,..,..,..,..,69.5363922119141,..,..,..,90,..,..,..,..,..,..,87.4384613037109,..,..,93.75,..
"Literacy rate, adult total (% of people ages 15 and above)",SE.ADT.LITR.ZS,Saudi Arabia,SAU,79,..,..,..,83,..,..,..,..,..,..,..,..,94,..,..,..,95,..,..,98,..,..,..
"Literacy rate, adult total (% of people ages 15 and above)",SE.ADT.LITR.ZS,Senegal,SEN,..,..,39,..,..,..,42,..,..,48,..,52,..,44,..,43.5927314758301,46.0996398925781,52,46.6059112548828,46.8336715698242,..,..,57.6699981689453,..
"Literacy rate, adult total (% of people ages 15 and above)",SE.ADT.LITR.ZS,Serbia,SRB,..,..,..,96,..,..,..,..,..,..,..,98,..,..,..,..,99,..,..,99,..,..,..,..
"Literacy rate, adult total (% of people ages 15 and above)",SE.ADT.LITR.ZS,Seychelles,SYC,..,..,92,..,..,..,..,..,..,..,94,..,..,..,..,..,..,..,..,..,96.1999969482422,..,..,..
"Literacy rate, adult total (% of people ages 15 and above)",SE.ADT.LITR.ZS,Sierra Leone,SLE,..,..,..,..,35,..,..,..,..,..,..,..,..,32.4261703491211,..,..,..,44.833179473877,..,43.5777816772461,..,..,48.6399993896484,..
"Literacy rate, adult total (% of people ages 15 and above)",SE.ADT.LITR.ZS,Singapore,SGP,93,..,..,..,..,..,..,..,..,..,96,96,96,97,97,97,97,97,97,97,97,98,..,..
"Literacy rate, adult total (% of people ages 15 and above)",SE.ADT.LITR.ZS,Sint Maarten (Dutch part),SXM,..,..,..,..,..,..,..,..,..,..,..,..,..,..,..,..,..,..,..,..,..,..,..,..
"Literacy rate, adult total (% of people ages 15 and above)",SE.ADT.LITR.ZS,Slovak Republic,SVK,..,..,..,..,..,..,..,..,..,..,..,..,..,..,..,..,..,..,..,..,..,..,..,..
"Literacy rate, adult total (% of people ages 15 and above)",SE.ADT.LITR.ZS,Slovenia,SVN,..,99.5999984741211,..,..,..,..,..,..,..,..,..,..,..,..,..,..,..,..,..,..,..,..,..,..
"Literacy rate, adult total (% of people ages 15 and above)",SE.ADT.LITR.ZS,Solomon Islands,SLB,..,..,..,..,..,..,..,..,..,..,..,..,..,..,..,..,..,..,..,..,..,..,..,..
"Literacy rate, adult total (% of people ages 15 and above)",SE.ADT.LITR.ZS,Somalia,SOM,..,..,..,..,..,..,..,..,..,..,..,..,..,..,..,..,..,..,..,..,..,..,54,..
"Literacy rate, adult total (% of people ages 15 and above)",SE.ADT.LITR.ZS,South Africa,ZAF,..,..,..,..,..,..,..,89,..,93,93,93,94,..,94,94,91.7372436523438,87,..,95,..,90,..,..
"Literacy rate, adult total (% of people ages 15 and above)",SE.ADT.LITR.ZS,South Sudan,SSD,..,..,..,..,..,..,..,..,27,..,..,..,..,..,..,..,..,..,34.5227584838867,..,..,..,..,..
"Literacy rate, adult total (% of people ages 15 and above)",SE.ADT.LITR.ZS,Spain,ESP,..,..,..,..,97,98,98,98,98,98,98,98,98,98,98,98,98,..,98,..,99,..,..,..
"Literacy rate, adult total (% of people ages 15 and above)",SE.ADT.LITR.ZS,Sri Lanka,LKA,..,91,..,..,..,..,91,..,91,..,91,..,..,..,..,..,92,92,92,92,92,92,92,..
"Literacy rate, adult total (% of people ages 15 and above)",SE.ADT.LITR.ZS,St. Kitts and Nevis,KNA,..,..,..,..,..,..,..,..,..,..,..,..,..,..,..,..,..,..,..,..,..,..,..,..
"Literacy rate, adult total (% of people ages 15 and above)",SE.ADT.LITR.ZS,St. Lucia,LCA,..,..,..,..,..,..,..,..,..,..,..,..,..,..,..,..,..,..,..,..,..,..,..,..
"Literacy rate, adult total (% of people ages 15 and above)",SE.ADT.LITR.ZS,St. Martin (French part),MAF,..,..,..,..,..,..,..,..,..,..,..,..,..,..,..,..,..,..,..,..,..,..,..,..
"Literacy rate, adult total (% of people ages 15 and above)",SE.ADT.LITR.ZS,St. Vincent and the Grenadines,VCT,..,..,..,..,..,..,..,..,..,..,..,..,..,..,..,..,..,..,..,..,..,..,..,..
"Literacy rate, adult total (% of people ages 15 and above)",SE.ADT.LITR.ZS,Sudan,SDN,61,..,..,..,..,..,..,..,54,..,..,..,..,..,..,..,..,..,60.6971817016602,..,..,..,..,..
"Literacy rate, adult total (% of people ages 15 and above)",SE.ADT.LITR.ZS,Suriname,SUR,..,..,..,..,90,..,..,..,95,..,95,..,93,..,..,..,..,..,..,..,..,95,..,..
"Literacy rate, adult total (% of people ages 15 and above)",SE.ADT.LITR.ZS,Sweden,SWE,..,..,..,..,..,..,..,..,..,..,..,..,..,..,..,..,..,..,..,..,..,..,..,..
"Literacy rate, adult total (% of people ages 15 and above)",SE.ADT.LITR.ZS,Switzerland,CHE,..,..,..,..,..,..,..,..,..,..,..,..,..,..,..,..,..,..,..,..,..,..,..,..
"Literacy rate, adult total (% of people ages 15 and above)",SE.ADT.LITR.ZS,Syrian Arab Republic,SYR,..,..,83,..,81,..,..,..,..,..,..,..,..,..,86.3000030517578,..,..,..,..,..,..,94,..,..
"Literacy rate, adult total (% of people ages 15 and above)",SE.ADT.LITR.ZS,Tajikistan,TJK,99,..,..,..,..,..,..,..,..,..,99.6999969482422,..,..,..,..,..,..,..,..,..,..,..,..,..
"Literacy rate, adult total (% of people ages 15 and above)",SE.ADT.LITR.ZS,Tanzania,TZA,..,..,69,..,..,..,..,..,..,..,67.8006973266602,..,78,..,..,78,..,..,..,..,..,..,82.0199966430664,..
"Literacy rate, adult total (% of people ages 15 and above)",SE.ADT.LITR.ZS,Thailand,THA,93,..,..,..,..,94,..,..,..,..,96,..,..,94,..,93,91.9813995361328,..,94,91.2691497802734,..,94.0999984741211,91.0998687744141,..
"Literacy rate, adult total (% of people ages 15 and above)",SE.ADT.LITR.ZS,Timor-Leste,TLS,..,38,..,..,..,..,..,51,..,..,58,..,..,..,..,..,65.7791290283203,..,..,..,69.9000015258789,..,..,..
"Literacy rate, adult total (% of people ages 15 and above)",SE.ADT.LITR.ZS,Togo,TGO,53,..,..,..,..,..,57,..,..,57,..,60,..,..,..,64,..,..,..,67,..,..,..,..
"Literacy rate, adult total (% of people ages 15 and above)",SE.ADT.LITR.ZS,Tonga,TON,..,..,..,..,..,..,99,..,..,..,..,99,..,..,..,..,..,..,..,91.0516204833984,..,99.4000015258789,..,..
"Literacy rate, adult total (% of people ages 15 and above)",SE.ADT.LITR.ZS,Trinidad and Tobago,TTO,97.9000015258789,..,..,..,..,..,..,..,..,..,..,..,..,..,..,..,..,..,..,..,..,..,..,..
"Literacy rate, adult total (% of people ages 15 and above)",SE.ADT.LITR.ZS,Tunisia,TUN,..,..,..,..,74,..,..,77,78,..,79,80,80,..,79,..,..,..,79.4751129150391,81,..,..,85.2149276733398,..
"Literacy rate, adult total (% of people ages 15 and above)",SE.ADT.LITR.ZS,Turkiye,TUR,..,..,..,..,87,88,88,89,..,91,93,94,95,95,95,96,96,96,..,97,..,..,..,..
"Literacy rate, adult total (% of people ages 15 and above)",SE.ADT.LITR.ZS,Turkmenistan,TKM,..,..,..,..,..,99.4000015258789,..,..,..,..,..,..,..,..,..,..,..,..,..,..,..,..,..,..
"Literacy rate, adult total (% of people ages 15 and above)",SE.ADT.LITR.ZS,Turks and Caicos Islands,TCA,..,..,..,..,..,..,..,..,..,..,..,..,..,..,..,..,..,..,..,..,..,..,..,..
"Literacy rate, adult total (% of people ages 15 and above)",SE.ADT.LITR.ZS,Tuvalu,TUV,..,..,..,..,..,..,..,..,..,..,..,..,..,..,..,..,..,..,..,..,..,..,..,..
"Literacy rate, adult total (% of people ages 15 and above)",SE.ADT.LITR.ZS,Uganda,UGA,..,..,68,..,..,..,71,..,..,..,73,..,70,..,..,..,69.101318359375,..,..,..,..,..,80.5899963378906,..
"Literacy rate, adult total (% of people ages 15 and above)",SE.ADT.LITR.ZS,Ukraine,UKR,..,99,..,..,..,..,..,..,..,..,..,..,99.9743499755859,..,..,..,..,..,..,..,..,100,..,..
"Literacy rate, adult total (% of people ages 15 and above)",SE.ADT.LITR.ZS,United Arab Emirates,ARE,..,..,..,..,..,90,..,..,..,..,..,..,..,..,..,..,..,..,..,98,..,98,98,..
"Literacy rate, adult total (% of people ages 15 and above)",SE.ADT.LITR.ZS,United Kingdom,GBR,..,..,..,..,..,..,..,..,..,..,..,..,..,..,..,..,..,..,..,..,..,..,..,..
"Literacy rate, adult total (% of people ages 15 and above)",SE.ADT.LITR.ZS,United States,USA,..,..,..,..,..,..,..,..,..,..,..,..,..,..,..,..,..,..,..,..,..,..,..,..
"Literacy rate, adult total (% of people ages 15 and above)",SE.ADT.LITR.ZS,Uruguay,URY,..,..,..,..,..,..,98,98,98,98,98,98,98,98,98,99,99,99,99,99,..,..,99,..
"Literacy rate, adult total (% of people ages 15 and above)",SE.ADT.LITR.ZS,Uzbekistan,UZB,99,..,..,..,..,..,..,..,..,..,..,..,..,100,100,100,100,..,100,100,..,100,100,..
"Literacy rate, adult total (% of people ages 15 and above)",SE.ADT.LITR.ZS,Vanuatu,VUT,..,..,..,..,78.4000015258789,..,..,..,..,..,..,..,..,..,84.6999969482422,..,..,..,..,..,..,89.0999984741211,..,..
"Literacy rate, adult total (% of people ages 15 and above)",SE.ADT.LITR.ZS,"Venezuela, RB",VEN,..,93,..,..,..,..,..,95,..,96,..,95,..,..,..,97,97,..,..,..,..,..,97.5999984741211,..
"Literacy rate, adult total (% of people ages 15 and above)",SE.ADT.LITR.ZS,Viet Nam,VNM,90,..,..,..,..,..,..,..,..,94,..,..,..,..,..,..,..,..,..,96,..,..,96,..
"Literacy rate, adult total (% of people ages 15 and above)",SE.ADT.LITR.ZS,Virgin Islands (U.S.),VIR,..,..,..,..,..,..,..,..,..,..,..,..,..,..,..,..,..,..,..,..,..,..,..,..
"Literacy rate, adult total (% of people ages 15 and above)",SE.ADT.LITR.ZS,West Bank and Gaza,PSE,..,..,..,..,92,..,93,94,94,94,95,95,96,96,96,96,97,97,97,97,98,..,98,..
"Literacy rate, adult total (% of people ages 15 and above)",SE.ADT.LITR.ZS,"Yemen, Rep.",YEM,..,..,..,..,54.0999984741211,..,..,..,..,..,..,..,..,..,..,..,..,..,..,..,..,..,..,..
"Literacy rate, adult total (% of people ages 15 and above)",SE.ADT.LITR.ZS,Zambia,ZMB,..,..,69,..,..,..,..,61.1270904541016,..,..,83,..,..,..,..,..,..,..,71.1323013305664,..,87.5,..,..,..
"Literacy rate, adult total (% of people ages 15 and above)",SE.ADT.LITR.ZS,Zimbabwe,ZWE,..,..,..,..,..,..,..,..,..,..,..,83.5827102661133,..,..,88.6934204101562,..,..,..,..,93.2275466918945,..,..,89.8499984741211,..
"Literacy rate, adult total (% of people ages 15 and above)",SE.ADT.LITR.ZS,Africa Eastern and Southern,AFE,62.7700996398926,63.2581901550293,63.9522705078125,64.4423522949219,64.6767501831055,64.1336822509766,62.1792793273926,63.1340789794922,63.3671798706055,64.0625,64.8099975585938,66.8712768554688,68.5478668212891,69.380859375,70.0353088378906,70.4470901489258,71.1051712036133,71.0299835205078,71.4953994750977,72.6586608886719,72.8557586669922,72.6389083862305,72.981559753418,73.2751083374023
"Literacy rate, adult total (% of people ages 15 and above)",SE.ADT.LITR.ZS,Africa Western and Central,AFW,47.5773811340332,48.7651214599609,49.4976081848145,50.0791091918945,51.4278602600098,51.5404205322266,52.2236213684082,50.2877006530762,50.7298393249512,50.8575706481934,51.4170799255371,52.0264892578125,52.5731086730957,53.4217491149902,54.1411399841309,55.0066184997559,55.4657783508301,56.4721984863281,59.7473487854004,59.5536689758301,59.703239440918,60.0073204040527,60.2908515930176,60.5055503845215
"Literacy rate, adult total (% of people ages 15 and above)",SE.ADT.LITR.ZS,Arab World,ARB,65.1314315795898,66.2609481811523,67.2946319580078,70.01904296875,70.8691711425781,71.4038467407227,69.1949996948242,70.0446472167969,71.0101776123047,69.7459564208984,70.4397125244141,72.2035903930664,73.0683670043945,73.8112869262695,74.3166122436523,75.0205383300781,73.7179565429688,74.2122116088867,74.5541229248047,74.8075180053711,75.1214599609375,75.5395736694336,75.8184585571289,76.1542587280273
"Literacy rate, adult total (% of people ages 15 and above)",SE.ADT.LITR.ZS,Caribbean small states,CSS,88.674690246582,88.9420166015625,89.1874313354492,89.4198913574219,89.637077331543,89.8979797363281,90.0596771240234,90.6128692626953,90.8384704589844,..,..,..,..,..,..,..,..,..,..,..,..,..,..,..
"Literacy rate, adult total (% of people ages 15 and above)",SE.ADT.LITR.ZS,Central Europe and the Baltics,CEB,..,..,..,..,..,..,..,..,..,..,..,..,..,99.2968978881836,99.3145980834961,99.3322525024414,99.350212097168,99.3702087402344,99.4186782836914,99.438117980957,99.4565963745117,99.4755935668945,99.4873504638672,..
"Literacy rate, adult total (% of people ages 15 and above)",SE.ADT.LITR.ZS,Early-demographic dividend,EAR,68.2749481201172,68.8648376464844,69.4954528808594,70.4301528930664,71.0904693603516,71.0813369750977,71.1106262207031,72.085090637207,72.9466018676758,73.7127685546875,75.2982788085938,75.3602600097656,75.6044769287109,76.3071594238281,77.095100402832,78.0110092163086,78.6787033081055,78.9388809204102,79.2979125976562,79.5661773681641,80.073860168457,80.5022735595703,81.0057601928711,81.4959564208984
"Literacy rate, adult total (% of people ages 15 and above)",SE.ADT.LITR.ZS,East Asia & Pacific,EAS,90.3218536376953,90.6356430053711,90.9898223876953,91.361442565918,91.6944808959961,92.0296096801758,92.3791885375977,93.5124969482422,93.8161773681641,94.0851821899414,94.2001724243164,93.8646011352539,94.0950164794922,94.2069320678711,94.7112426757812,94.9279174804688,95.1319580078125,95.3230514526367,95.3694305419922,95.8068771362305,96.0287017822266,96.1649322509766,96.3009262084961,96.4304885864258
"Literacy rate, adult total (% of people ages 15 and above)",SE.ADT.LITR.ZS,East Asia & Pacific (excluding high income),EAP,90.5773315429688,90.9143371582031,91.2583770751953,91.6047210693359,91.9164428710938,92.2367706298828,92.5871124267578,93.7884368896484,94.0883026123047,94.3666687011719,94.5455627441406,94.2364273071289,94.4613037109375,94.5692291259766,94.9921417236328,95.1985397338867,95.401496887207,95.5915908813477,95.6321334838867,96.0468826293945,96.2685317993164,96.4064712524414,96.5467529296875,96.6776275634766
"Literacy rate, adult total (% of people ages 15 and above)",SE.ADT.LITR.ZS,East Asia & Pacific (IDA & IBRD countries),TEA,90.452507019043,90.7945709228516,91.1441192626953,91.4960327148438,91.8123779296875,92.1374664306641,92.4929275512695,93.7097625732422,94.013557434082,94.2955627441406,94.4767684936523,94.1638031005859,94.3915100097656,94.5008087158203,94.9290466308594,95.1380081176758,95.3435592651367,95.5360488891602,95.5771331787109,95.9971618652344,96.2216720581055,96.3614196777344,96.5035629272461,96.6361923217773
"Literacy rate, adult total (% of people ages 15 and above)",SE.ADT.LITR.ZS,Euro area,EMU,..,..,..,..,..,..,..,..,..,..,..,..,..,..,..,..,..,..,..,..,..,..,..,..
"Literacy rate, adult total (% of people ages 15 and above)",SE.ADT.LITR.ZS,Europe & Central Asia,ECS,96.6525192260742,96.752799987793,96.9111633300781,97.0051727294922,97.0912322998047,97.2101669311523,97.2701568603516,97.3517837524414,97.4732437133789,97.7307662963867,97.8946533203125,98.03515625,98.1326599121094,98.1962280273438,98.2387084960938,98.281852722168,98.3389129638672,98.4179763793945,98.5017929077148,98.5640106201172,98.6038284301758,98.6462783813477,98.664421081543,98.6887130737305
"Literacy rate, adult total (% of people ages 15 and above)",SE.ADT.LITR.ZS,Europe & Central Asia (excluding high income),ECA,95.1163787841797,95.2725219726562,95.4257965087891,95.5682220458984,95.687141418457,95.970329284668,95.8777770996094,96.0478134155273,96.1741027832031,96.9965896606445,97.5481185913086,97.9699401855469,98.2156677246094,98.3025207519531,98.3676528930664,98.4249725341797,98.5269012451172,98.6416091918945,98.6930389404297,98.8225708007812,98.8650970458984,98.9192733764648,98.9655075073242,98.9917221069336
"Literacy rate, adult total (% of people ages 15 and above)",SE.ADT.LITR.ZS,Europe & Central Asia (IDA & IBRD countries),TEC,97.2419281005859,97.3243637084961,97.4051513671875,97.4805908203125,97.5410690307617,97.679801940918,97.6380996704102,97.7218017578125,97.8286972045898,98.2742767333984,98.5454025268555,98.755241394043,98.879768371582,98.925910949707,98.9622192382812,98.9967422485352,99.0506896972656,99.1112518310547,99.2119903564453,99.2800216674805,99.3040924072266,99.3343734741211,99.3574523925781,99.3811874389648
"Literacy rate, adult total (% of people ages 15 and above)",SE.ADT.LITR.ZS,European Union,EUU,..,..,..,..,..,..,..,..,..,..,..,..,..,..,..,..,..,..,..,..,..,..,..,..
"Literacy rate, adult total (% of people ages 15 and above)",SE.ADT.LITR.ZS,Fragile and conflict affected situations,FCS,61.9459190368652,62.4523391723633,62.9351501464844,63.1398506164551,63.7163887023926,63.9384918212891,62.7258605957031,62.3854484558105,62.8083305358887,61.9644889831543,62.2679100036621,62.2799491882324,62.5531806945801,63.1230697631836,63.5632705688477,63.9676208496094,64.4507369995117,65.0863494873047,65.0842590332031,65.7474212646484,65.6681976318359,65.7857437133789,65.9131927490234,65.8525772094727
"Literacy rate, adult total (% of people ages 15 and above)",SE.ADT.LITR.ZS,Heavily indebted poor countries (HIPC),HPC,50.9425811767578,51.7623100280762,52.5177001953125,53.0377082824707,53.5885200500488,53.8459815979004,52.2345886230469,53.647331237793,53.9699897766113,54.1996803283691,55.2288017272949,57.1646308898926,58.5303497314453,59.5384292602539,60.2966194152832,60.8749885559082,61.4943389892578,62.6077117919922,64.1616592407227,64.3510589599609,64.6118316650391,65.0950088500977,65.5521392822266,65.9208297729492
"Literacy rate, adult total (% of people ages 15 and above)",SE.ADT.LITR.ZS,High income,HIC,..,..,..,..,..,..,..,..,..,..,..,..,..,..,..,..,..,..,..,..,..,..,..,..
"Literacy rate, adult total (% of people ages 15 and above)",SE.ADT.LITR.ZS,IBRD only,IBD,82.4675827026367,82.8492126464844,83.2500076293945,83.8292694091797,84.2263336181641,84.2472381591797,84.5352783203125,85.4190292358398,85.8871994018555,86.1740036010742,86.7662506103516,87.0804672241211,87.4373931884766,87.6772994995117,88.0670471191406,88.3388214111328,88.5159606933594,88.6870803833008,88.9081726074219,88.9448471069336,89.2458877563477,89.4754104614258,89.7976379394531,90.0989685058594
"Literacy rate, adult total (% of people ages 15 and above)",SE.ADT.LITR.ZS,IDA & IBRD total,IBT,77.5923233032227,77.9910736083984,78.413200378418,78.9989395141602,79.4049911499023,79.412239074707,79.3713607788086,80.0746612548828,80.5175476074219,80.7899703979492,81.5767974853516,81.8127212524414,82.0486907958984,82.4236068725586,82.8472290039062,83.314323425293,83.7035293579102,83.915153503418,84.2388763427734,84.3611907958984,84.5998992919922,84.823486328125,85.1005783081055,85.3520431518555
"Literacy rate, adult total (% of people ages 15 and above)",SE.ADT.LITR.ZS,IDA blend,IDB,57.6583518981934,58.4094390869141,59.1355895996094,60.303150177002,61.0164184570312,60.505199432373,61.2051887512207,59.6886596679688,60.6643905639648,61.6024017333984,62.0891990661621,62.1978187561035,63.44921875,63.3329391479492,64.2169723510742,64.9576721191406,65.6732635498047,65.837028503418,66.2510223388672,66.3768463134766,66.7794418334961,67.1632766723633,67.5266723632812,67.8960494995117
"Literacy rate, adult total (% of people ages 15 and above)",SE.ADT.LITR.ZS,IDA only,IDX,55.1924514770508,55.8736686706543,56.57666015625,57.1861114501953,57.7718086242676,58.2214813232422,56.0124816894531,57.0633087158203,57.4542999267578,57.6564483642578,60.1636695861816,60.3880386352539,59.8136100769043,61.5701904296875,62.2671012878418,64.0593566894531,65.7944717407227,66.6250305175781,67.8368682861328,68.7985687255859,69.0157623291016,69.5356674194336,69.9448623657227,70.3004608154297
"Literacy rate, adult total (% of people ages 15 and above)",SE.ADT.LITR.ZS,IDA total,IDA,56.0110816955566,56.7197799682617,57.4326286315918,58.2269706726074,58.8550796508789,58.9841804504395,57.7459297180176,57.9397087097168,58.5265808105469,58.9762382507324,60.8083305358887,60.994140625,61.0300102233887,62.1590881347656,62.9177017211914,64.3584671020508,65.7542266845703,66.364616394043,67.3140869140625,68.0025634765625,68.2826690673828,68.7595062255859,69.1547012329102,69.515007019043
"Literacy rate, adult total (% of people ages 15 and above)",SE.ADT.LITR.ZS,Late-demographic dividend,LTE,91.3087692260742,91.6135711669922,91.9008102416992,92.2739868164062,92.5338516235352,92.8037185668945,93.0811386108398,94.0713577270508,94.2847366333008,94.5491333007812,94.6813812255859,95.0619812011719,95.2516174316406,95.3285369873047,95.4986572265625,95.65283203125,95.8741836547852,96.0356369018555,96.1808090209961,96.3095626831055,96.4379501342773,96.5643997192383,96.6875,96.8044586181641
"Literacy rate, adult total (% of people ages 15 and above)",SE.ADT.LITR.ZS,Latin America & Caribbean,LCN,89.0166625976562,89.1757507324219,89.4430618286133,90.0959014892578,90.3722686767578,90.3394088745117,90.5423126220703,91.3906326293945,91.689338684082,91.8646697998047,91.7851715087891,92.4905700683594,92.7994766235352,92.7840576171875,93.2820510864258,93.4268569946289,93.8683166503906,93.8994674682617,94.0859069824219,94.2556686401367,94.3133087158203,94.4938201904297,94.6469192504883,94.7900085449219
"Literacy rate, adult total (% of people ages 15 and above)",SE.ADT.LITR.ZS,Latin America & Caribbean (excluding high income),LAC,88.4669723510742,88.6275405883789,88.9091720581055,89.6279678344727,89.9185333251953,89.8635787963867,90.0110015869141,90.8543472290039,91.1722869873047,91.3669281005859,91.3189697265625,92.1481781005859,92.478157043457,92.4715576171875,92.9456176757812,93.0823669433594,93.5396881103516,93.5869293212891,93.7893981933594,93.9766464233398,94.0372924804688,94.2322006225586,94.396369934082,94.546272277832
"Literacy rate, adult total (% of people ages 15 and above)",SE.ADT.LITR.ZS,Latin America & the Caribbean (IDA & IBRD countries),TLA,88.7160873413086,88.8837127685547,89.1631393432617,89.8412094116211,90.1289901733398,90.0966033935547,90.3080673217773,91.1855697631836,91.4949493408203,91.6804962158203,91.5995864868164,92.3282089233398,92.6474914550781,92.6323165893555,93.1458892822266,93.2980575561523,93.7537612915039,93.7869262695312,93.9797515869141,94.1554336547852,94.2155609130859,94.4023590087891,94.5612564086914,94.7093887329102
"Literacy rate, adult total (% of people ages 15 and above)",SE.ADT.LITR.ZS,Least developed countries: UN classification,LDC,52.2227096557617,52.9417686462402,53.686408996582,54.3313789367676,54.9566802978516,55.4169082641602,52.9052505493164,53.8373908996582,54.1764183044434,54.7659492492676,57.3793106079102,57.616268157959,56.9710998535156,58.9826889038086,59.8044700622559,61.7778701782227,63.6640892028809,64.5989532470703,64.9385299682617,65.9840393066406,66.2228164672852,66.8311614990234,67.3130035400391,67.7145690917969
"Literacy rate, adult total (% of people ages 15 and above)",SE.ADT.LITR.ZS,Low & middle income,LMY,77.2782135009766,77.6857223510742,78.1197280883789,78.7182006835938,79.1327362060547,79.1418762207031,79.0960006713867,79.8042678833008,80.2564392089844,80.5315628051758,81.3383331298828,81.5847320556641,81.8258514404297,82.2098922729492,82.634651184082,83.1083908081055,83.5025405883789,83.7210464477539,84.051872253418,84.1798934936523,84.4247436523438,84.6536407470703,84.9373474121094,85.1791534423828
"Literacy rate, adult total (% of people ages 15 and above)",SE.ADT.LITR.ZS,Low income,LIC,51.3986587524414,52.0471611022949,52.7164001464844,53.1134910583496,53.5819816589355,53.9972114562988,52.1799011230469,53.4181594848633,54.3140106201172,54.8234710693359,55.3197288513184,57.3587188720703,57.8088111877441,58.6550102233887,59.0708312988281,59.7424583435059,60.426700592041,61.4836196899414,61.4540405273438,61.5284690856934,61.6900405883789,62.1814117431641,62.6324615478516,63.0385284423828
"Literacy rate, adult total (% of people ages 15 and above)",SE.ADT.LITR.ZS,Lower middle income,LMC,62.8023109436035,63.5299186706543,64.2483291625977,65.2947235107422,65.9968719482422,65.786018371582,65.7685165405273,66.2919387817383,66.943717956543,67.6352386474609,69.5083312988281,69.8098602294922,70.2557601928711,71.1595993041992,71.8968734741211,72.9846725463867,73.734001159668,74.2671127319336,75.0731430053711,75.2455062866211,75.8803024291992,76.4882278442383,77.0826416015625,77.6318206787109
"Literacy rate, adult total (% of people ages 15 and above)",SE.ADT.LITR.ZS,Middle East & North Africa,MEA,69.4015884399414,70.5324172973633,71.5645599365234,74.1270599365234,74.9632263183594,75.5710906982422,74.5921173095703,75.3699798583984,77.0852127075195,76.0182723999023,76.6093826293945,77.323860168457,77.9977416992188,78.6081695556641,78.9855117797852,79.6397399902344,78.4763488769531,78.9287414550781,79.256721496582,79.5538635253906,79.8957672119141,80.3011932373047,80.6110992431641,80.9491424560547
"Literacy rate, adult total (% of people ages 15 and above)",SE.ADT.LITR.ZS,Middle East & North Africa (excluding high income),MNA,67.3085632324219,68.495979309082,69.5149536132812,72.4437026977539,73.3178329467773,73.9425582885742,72.6801986694336,73.388427734375,75.1688766479492,73.7108917236328,74.2341003417969,74.5367126464844,75.32568359375,76.0375213623047,76.3282623291016,76.9436798095703,75.469482421875,75.9251327514648,76.313102722168,76.7212677001953,77.0609664916992,77.465950012207,77.8948593139648,78.259391784668
"Literacy rate, adult total (% of people ages 15 and above)",SE.ADT.LITR.ZS,Middle East & North Africa (IDA & IBRD countries),TMN,67.1067199707031,68.2993698120117,69.3053207397461,72.2566680908203,73.1349868774414,73.7613906860352,72.4809188842773,73.192253112793,74.9850311279297,73.5071334838867,74.0308227539062,74.3316802978516,75.1198883056641,75.8332901000977,76.1233291625977,76.7409286499023,75.2468109130859,75.7030410766602,76.0904769897461,76.4992218017578,76.8412628173828,77.2470626831055,77.6759490966797,78.0408401489258
"Literacy rate, adult total (% of people ages 15 and above)",SE.ADT.LITR.ZS,Middle income,MIC,78.9772262573242,79.3809204101562,79.814826965332,80.4484329223633,80.879508972168,80.8799362182617,80.9805679321289,81.6825180053711,82.1300964355469,82.4162902832031,83.2752380371094,83.4160308837891,83.6721267700195,84.0450897216797,84.4907836914062,84.973991394043,85.3705520629883,85.553596496582,85.9458236694336,86.1155776977539,86.4070510864258,86.6518936157227,86.9584426879883,87.2283935546875
"Literacy rate, adult total (% of people ages 15 and above)",SE.ADT.LITR.ZS,North America,NAC,..,..,..,98.6199188232422,98.6315612792969,98.6423721313477,98.6569519042969,98.6664276123047,98.6865768432617,..,..,..,..,..,..,..,..,98.7534790039062,98.7597885131836,98.7651672363281,98.7702865600586,98.7771682739258,98.779411315918,..
"Literacy rate, adult total (% of people ages 15 and above)",SE.ADT.LITR.ZS,Not classified,INX,..,..,..,..,..,..,..,..,..,..,..,..,..,..,..,..,..,..,..,..,..,..,..,..
"Literacy rate, adult total (% of people ages 15 and above)",SE.ADT.LITR.ZS,OECD members,OED,..,..,..,..,..,..,..,..,..,..,..,..,..,..,..,..,..,..,..,..,97.1789093017578,..,..,..
"Literacy rate, adult total (% of people ages 15 and above)",SE.ADT.LITR.ZS,Other small states,OSS,78.6846389770508,79.1724395751953,79.8915634155273,80.4870834350586,81.0429611206055,81.6198425292969,81.1327667236328,80.5876007080078,81.3349304199219,80.8102722167969,81.613166809082,82.1033096313477,82.5055084228516,82.9340515136719,83.3527069091797,84.1400985717773,84.5842208862305,84.9820785522461,85.2936096191406,85.540168762207,85.7715911865234,85.9097290039062,86.0100936889648,86.2597503662109
"Literacy rate, adult total (% of people ages 15 and above)",SE.ADT.LITR.ZS,Pacific island small states,PSS,..,..,..,..,..,..,..,..,..,..,..,..,..,..,..,..,..,..,..,..,..,..,..,..
"Literacy rate, adult total (% of people ages 15 and above)",SE.ADT.LITR.ZS,Post-demographic dividend,PST,..,..,..,..,..,..,..,..,..,..,..,..,..,..,..,..,..,..,..,..,..,..,..,..
"Literacy rate, adult total (% of people ages 15 and above)",SE.ADT.LITR.ZS,Pre-demographic dividend,PRE,55.3288917541504,56.2317810058594,57.0948181152344,57.5724182128906,58.1347198486328,57.6999816894531,56.5396881103516,55.4262313842773,55.7273597717285,54.5551414489746,55.2664489746094,56.961669921875,58.2878608703613,59.2098007202148,59.8719100952148,60.4760398864746,61.0723991394043,62.145149230957,63.7733383178711,63.9861602783203,64.2668380737305,64.7228698730469,65.1864776611328,65.5718994140625
"Literacy rate, adult total (% of people ages 15 and above)",SE.ADT.LITR.ZS,Small states,SST,81.4542922973633,81.8634262084961,82.4238204956055,82.8943786621094,83.3336410522461,83.7872009277344,83.459602355957,83.1692886352539,83.7252426147461,83.3575668334961,83.9132614135742,84.273811340332,84.5370635986328,84.8219223022461,85.1189270019531,85.6860427856445,86.0087738037109,86.3005218505859,86.5323791503906,86.7402877807617,86.9069976806641,87.0225830078125,87.1031112670898,87.2802810668945
"Literacy rate, adult total (% of people ages 15 and above)",SE.ADT.LITR.ZS,South Asia,SAS,57.6505813598633,58.4130592346191,59.2031288146973,60.0957794189453,60.8761711120605,60.6736717224121,60.8487586975098,61.6839218139648,62.5962982177734,63.4580116271973,66.0289611816406,66.6298599243164,66.6765899658203,67.7057571411133,68.4551620483398,69.7821502685547,71.1057815551758,71.6678314208984,72.1920623779297,71.9660263061523,72.6831893920898,73.4790115356445,74.265266418457,75.0088500976562
"Literacy rate, adult total (% of people ages 15 and above)",SE.ADT.LITR.ZS,South Asia (IDA & IBRD),TSA,57.6505813598633,58.4130592346191,59.2031288146973,60.0957794189453,60.8761711120605,60.6736717224121,60.8487586975098,61.6839218139648,62.5962982177734,63.4580116271973,66.0289611816406,66.6298599243164,66.6765899658203,67.7057571411133,68.4551620483398,69.7821502685547,71.1057815551758,71.6678314208984,72.1920623779297,71.9660263061523,72.6831893920898,73.4790115356445,74.265266418457,75.0088500976562
"Literacy rate, adult total (% of people ages 15 and above)",SE.ADT.LITR.ZS,Sub-Saharan Africa,SSF,56.6275482177734,57.4001388549805,58.115909576416,58.6459007263184,59.3333206176758,59.0567893981934,58.1681098937988,57.96337890625,58.2856483459473,58.7571105957031,59.4325408935547,60.9171409606934,62.1460113525391,62.996410369873,63.6872406005859,64.2875137329102,64.8782577514648,65.2303009033203,66.8165664672852,67.441650390625,67.6237869262695,67.6156768798828,67.9357299804688,68.1962432861328
"Literacy rate, adult total (% of people ages 15 and above)",SE.ADT.LITR.ZS,Sub-Saharan Africa (excluding high income),SSA,56.6221313476562,57.3948211669922,58.1106796264648,58.6407508850098,59.3282699584961,59.051700592041,58.1628913879395,57.9581298828125,58.2805099487305,58.7520408630371,59.4275588989258,60.9123802185059,62.1414184570312,62.9919586181641,63.6829299926758,64.283317565918,64.8741912841797,65.226318359375,66.8128280639648,67.4380416870117,67.620246887207,67.6121978759766,67.9323577880859,68.1929779052734
"Literacy rate, adult total (% of people ages 15 and above)",SE.ADT.LITR.ZS,Sub-Saharan Africa (IDA & IBRD countries),TSS,56.6275482177734,57.4001388549805,58.115909576416,58.6459007263184,59.3333206176758,59.0567893981934,58.1681098937988,57.96337890625,58.2856483459473,58.7571105957031,59.4325408935547,60.9171409606934,62.1460113525391,62.996410369873,63.6872406005859,64.2875137329102,64.8782577514648,65.2303009033203,66.8165664672852,67.441650390625,67.6237869262695,67.6156768798828,67.9357299804688,68.1962432861328
"Literacy rate, adult total (% of people ages 15 and above)",SE.ADT.LITR.ZS,Upper middle income,UMC,89.8766708374023,90.196418762207,90.541389465332,90.9818267822266,91.3236999511719,91.5841598510742,91.8681716918945,92.8772888183594,93.3088607788086,93.405029296875,93.6091918945312,93.7501068115234,93.9973907470703,94.0651626586914,94.4168395996094,94.5393524169922,94.7611618041992,94.7716827392578,94.9260177612305,95.2139129638672,95.3204803466797,95.3530807495117,95.4953689575195,95.6195220947266
"Literacy rate, adult total (% of people ages 15 and above)",SE.ADT.LITR.ZS,World,WLD,80.9791793823242,81.2859573364258,81.64013671875,82.1142425537109,82.4472427368164,82.4547119140625,82.4252471923828,83.0118026733398,83.3855133056641,83.6086730957031,84.2271575927734,84.4107818603516,84.6013793945312,84.9030990600586,85.2863922119141,85.6788787841797,86.0001068115234,86.177001953125,86.4374771118164,86.5479125976562,86.7474517822266,86.9275131225586,87.1553268432617,87.3560028076172
,,,,,,,,,,,,,,,,,,,,,,,,,,,
,,,,,,,,,,,,,,,,,,,,,,,,,,,
,,,,,,,,,,,,,,,,,,,,,,,,,,,
Data from database: World Development Indicators,,,,,,,,,,,,,,,,,,,,,,,,,,,
Last Updated: 04/15/2025,,,,,,,,,,,,,,,,,,,,,,,,,,,
